reading_plan_id,day_number,book_name,chapter_number,created_at,updated_at
19,1,Apocalipse,1,2025-12-21T01:12:00.476704,2025-12-21T01:12:00.476704
19,1,Apocalipse,2,2025-12-21T01:12:00.476704,2025-12-21T01:12:00.476704
19,2,Apocalipse,3,2025-12-21T01:12:00.476704,2025-12-21T01:12:00.476704
19,2,Apocalipse,4,2025-12-21T01:12:00.476704,2025-12-21T01:12:00.476704
19,3,Apocalipse,5,2025-12-21T01:12:00.476704,2025-12-21T01:12:00.476704
19,3,Apocalipse,6,2025-12-21T01:12:00.476704,2025-12-21T01:12:00.476704
19,4,Apocalipse,7,2025-12-21T01:12:00.476704,2025-12-21T01:12:00.476704
19,4,Apocalipse,8,2025-12-21T01:12:00.476704,2025-12-21T01:12:00.476704
19,5,Apocalipse,9,2025-12-21T01:12:00.476704,2025-12-21T01:12:00.476704
19,5,Apocalipse,10,2025-12-21T01:12:00.476704,2025-12-21T01:12:00.476704
19,6,Apocalipse,11,2025-12-21T01:12:00.476704,2025-12-21T01:12:00.476704
19,6,Apocalipse,12,2025-12-21T01:12:00.476704,2025-12-21T01:12:00.476704
19,7,Apocalipse,13,2025-12-21T01:12:00.476704,2025-12-21T01:12:00.476704
19,7,Apocalipse,14,2025-12-21T01:12:00.476704,2025-12-21T01:12:00.476704
19,8,Apocalipse,15,2025-12-21T01:12:00.476704,2025-12-21T01:12:00.476704
19,8,Apocalipse,16,2025-12-21T01:12:00.476704,2025-12-21T01:12:00.476704
19,9,Apocalipse,17,2025-12-21T01:12:00.476704,2025-12-21T01:12:00.476704
19,9,Apocalipse,18,2025-12-21T01:12:00.476704,2025-12-21T01:12:00.476704
19,10,Apocalipse,19,2025-12-21T01:12:00.476704,2025-12-21T01:12:00.476704
19,10,Apocalipse,20,2025-12-21T01:12:00.476704,2025-12-21T01:12:00.476704
19,10,Apocalipse,21,2025-12-21T01:12:00.476704,2025-12-21T01:12:00.476704
19,10,Apocalipse,22,2025-12-21T01:12:00.476704,2025-12-21T01:12:00.476704
9,1,Atos,1,2025-12-21T01:12:00.476704,2025-12-21T01:12:00.476704
9,2,Atos,2,2025-12-21T01:12:00.476704,2025-12-21T01:12:00.476704
9,3,Atos,3,2025-12-21T01:12:00.476704,2025-12-21T01:12:00.476704
9,4,Atos,4,2025-12-21T01:12:00.476704,2025-12-21T01:12:00.476704
9,5,Atos,5,2025-12-21T01:12:00.476704,2025-12-21T01:12:00.476704
9,6,Atos,6,2025-12-21T01:12:00.476704,2025-12-21T01:12:00.476704
9,7,Atos,7,2025-12-21T01:12:00.476704,2025-12-21T01:12:00.476704
9,8,Atos,8,2025-12-21T01:12:00.476704,2025-12-21T01:12:00.476704
9,9,Atos,9,2025-12-21T01:12:00.476704,2025-12-21T01:12:00.476704
9,10,Atos,10,2025-12-21T01:12:00.476704,2025-12-21T01:12:00.476704
9,11,Atos,11,2025-12-21T01:12:00.476704,2025-12-21T01:12:00.476704
9,12,Atos,12,2025-12-21T01:12:00.476704,2025-12-21T01:12:00.476704
9,13,Atos,13,2025-12-21T01:12:00.476704,2025-12-21T01:12:00.476704
9,14,Atos,14,2025-12-21T01:12:00.476704,2025-12-21T01:12:00.476704
9,15,Atos,15,2025-12-21T01:12:00.476704,2025-12-21T01:12:00.476704
9,16,Atos,16,2025-12-21T01:12:00.476704,2025-12-21T01:12:00.476704
9,17,Atos,17,2025-12-21T01:12:00.476704,2025-12-21T01:12:00.476704
9,18,Atos,18,2025-12-21T01:12:00.476704,2025-12-21T01:12:00.476704
9,19,Atos,19,2025-12-21T01:12:00.476704,2025-12-21T01:12:00.476704
9,20,Atos,20,2025-12-21T01:12:00.476704,2025-12-21T01:12:00.476704
9,21,Atos,21,2025-12-21T01:12:00.476704,2025-12-21T01:12:00.476704
9,22,Atos,22,2025-12-21T01:12:00.476704,2025-12-21T01:12:00.476704
9,23,Atos,23,2025-12-21T01:12:00.476704,2025-12-21T01:12:00.476704
9,24,Atos,24,2025-12-21T01:12:00.476704,2025-12-21T01:12:00.476704
9,25,Atos,25,2025-12-21T01:12:00.476704,2025-12-21T01:12:00.476704
9,26,Atos,26,2025-12-21T01:12:00.476704,2025-12-21T01:12:00.476704
9,27,Atos,27,2025-12-21T01:12:00.476704,2025-12-21T01:12:00.476704
9,28,Atos,28,2025-12-21T01:12:00.476704,2025-12-21T01:12:00.476704
10,1,Romanos,1,2025-12-21T01:12:00.476704,2025-12-21T01:12:00.476704
10,2,Romanos,2,2025-12-21T01:12:00.476704,2025-12-21T01:12:00.476704
10,2,Romanos,3,2025-12-21T01:12:00.476704,2025-12-21T01:12:00.476704
10,3,Romanos,4,2025-12-21T01:12:00.476704,2025-12-21T01:12:00.476704
10,4,Romanos,5,2025-12-21T01:12:00.476704,2025-12-21T01:12:00.476704
10,5,Romanos,6,2025-12-21T01:12:00.476704,2025-12-21T01:12:00.476704
10,5,Romanos,7,2025-12-21T01:12:00.476704,2025-12-21T01:12:00.476704
10,6,Romanos,8,2025-12-21T01:12:00.476704,2025-12-21T01:12:00.476704
10,6,Romanos,9,2025-12-21T01:12:00.476704,2025-12-21T01:12:00.476704
10,7,Romanos,10,2025-12-21T01:12:00.476704,2025-12-21T01:12:00.476704
10,7,Romanos,11,2025-12-21T01:12:00.476704,2025-12-21T01:12:00.476704
10,8,Romanos,12,2025-12-21T01:12:00.476704,2025-12-21T01:12:00.476704
10,8,Romanos,13,2025-12-21T01:12:00.476704,2025-12-21T01:12:00.476704
10,9,Romanos,14,2025-12-21T01:12:00.476704,2025-12-21T01:12:00.476704
10,9,Romanos,15,2025-12-21T01:12:00.476704,2025-12-21T01:12:00.476704
10,10,Romanos,16,2025-12-21T01:12:00.476704,2025-12-21T01:12:00.476704
10,11,1 Coríntios,1,2025-12-21T01:12:00.476704,2025-12-21T01:12:00.476704
10,12,1 Coríntios,2,2025-12-21T01:12:00.476704,2025-12-21T01:12:00.476704
10,12,1 Coríntios,3,2025-12-21T01:12:00.476704,2025-12-21T01:12:00.476704
10,13,1 Coríntios,4,2025-12-21T01:12:00.476704,2025-12-21T01:12:00.476704
10,13,1 Coríntios,5,2025-12-21T01:12:00.476704,2025-12-21T01:12:00.476704
10,14,1 Coríntios,6,2025-12-21T01:12:00.476704,2025-12-21T01:12:00.476704
10,14,1 Coríntios,7,2025-12-21T01:12:00.476704,2025-12-21T01:12:00.476704
10,15,1 Coríntios,8,2025-12-21T01:12:00.476704,2025-12-21T01:12:00.476704
10,15,1 Coríntios,9,2025-12-21T01:12:00.476704,2025-12-21T01:12:00.476704
10,16,1 Coríntios,10,2025-12-21T01:12:00.476704,2025-12-21T01:12:00.476704
10,16,1 Coríntios,11,2025-12-21T01:12:00.476704,2025-12-21T01:12:00.476704
10,17,1 Coríntios,12,2025-12-21T01:12:00.476704,2025-12-21T01:12:00.476704
10,17,1 Coríntios,13,2025-12-21T01:12:00.476704,2025-12-21T01:12:00.476704
10,18,1 Coríntios,14,2025-12-21T01:12:00.476704,2025-12-21T01:12:00.476704
10,18,1 Coríntios,15,2025-12-21T01:12:00.476704,2025-12-21T01:12:00.476704
10,19,1 Coríntios,16,2025-12-21T01:12:00.476704,2025-12-21T01:12:00.476704
10,20,2 Coríntios,1,2025-12-21T01:12:00.476704,2025-12-21T01:12:00.476704
10,21,2 Coríntios,2,2025-12-21T01:12:00.476704,2025-12-21T01:12:00.476704
10,21,2 Coríntios,3,2025-12-21T01:12:00.476704,2025-12-21T01:12:00.476704
10,22,2 Coríntios,4,2025-12-21T01:12:00.476704,2025-12-21T01:12:00.476704
10,22,2 Coríntios,5,2025-12-21T01:12:00.476704,2025-12-21T01:12:00.476704
10,23,2 Coríntios,6,2025-12-21T01:12:00.476704,2025-12-21T01:12:00.476704
10,23,2 Coríntios,7,2025-12-21T01:12:00.476704,2025-12-21T01:12:00.476704
10,24,2 Coríntios,8,2025-12-21T01:12:00.476704,2025-12-21T01:12:00.476704
10,24,2 Coríntios,9,2025-12-21T01:12:00.476704,2025-12-21T01:12:00.476704
10,25,2 Coríntios,10,2025-12-21T01:12:00.476704,2025-12-21T01:12:00.476704
10,25,2 Coríntios,11,2025-12-21T01:12:00.476704,2025-12-21T01:12:00.476704
10,26,2 Coríntios,12,2025-12-21T01:12:00.476704,2025-12-21T01:12:00.476704
10,26,2 Coríntios,13,2025-12-21T01:12:00.476704,2025-12-21T01:12:00.476704
10,27,Gálatas,1,2025-12-21T01:12:00.476704,2025-12-21T01:12:00.476704
10,28,Gálatas,2,2025-12-21T01:12:00.476704,2025-12-21T01:12:00.476704
10,28,Gálatas,3,2025-12-21T01:12:00.476704,2025-12-21T01:12:00.476704
10,29,Gálatas,4,2025-12-21T01:12:00.476704,2025-12-21T01:12:00.476704
10,29,Gálatas,5,2025-12-21T01:12:00.476704,2025-12-21T01:12:00.476704
10,30,Gálatas,6,2025-12-21T01:12:00.476704,2025-12-21T01:12:00.476704
10,31,Efésios,1,2025-12-21T01:12:00.476704,2025-12-21T01:12:00.476704
10,31,Efésios,2,2025-12-21T01:12:00.476704,2025-12-21T01:12:00.476704
10,32,Efésios,3,2025-12-21T01:12:00.476704,2025-12-21T01:12:00.476704
10,32,Efésios,4,2025-12-21T01:12:00.476704,2025-12-21T01:12:00.476704
10,33,Efésios,5,2025-12-21T01:12:00.476704,2025-12-21T01:12:00.476704
10,33,Efésios,6,2025-12-21T01:12:00.476704,2025-12-21T01:12:00.476704
10,34,Filipenses,1,2025-12-21T01:12:00.476704,2025-12-21T01:12:00.476704
10,34,Filipenses,2,2025-12-21T01:12:00.476704,2025-12-21T01:12:00.476704
10,35,Filipenses,3,2025-12-21T01:12:00.476704,2025-12-21T01:12:00.476704
10,35,Filipenses,4,2025-12-21T01:12:00.476704,2025-12-21T01:12:00.476704
10,36,Colossenses,1,2025-12-21T01:12:00.476704,2025-12-21T01:12:00.476704
10,37,Colossenses,2,2025-12-21T01:12:00.476704,2025-12-21T01:12:00.476704
10,37,Colossenses,3,2025-12-21T01:12:00.476704,2025-12-21T01:12:00.476704
10,38,Colossenses,4,2025-12-21T01:12:00.476704,2025-12-21T01:12:00.476704
10,39,1 Tessalonicenses,1,2025-12-21T01:12:00.476704,2025-12-21T01:12:00.476704
10,40,1 Tessalonicenses,2,2025-12-21T01:12:00.476704,2025-12-21T01:12:00.476704
10,40,1 Tessalonicenses,3,2025-12-21T01:12:00.476704,2025-12-21T01:12:00.476704
10,41,1 Tessalonicenses,4,2025-12-21T01:12:00.476704,2025-12-21T01:12:00.476704
10,41,1 Tessalonicenses,5,2025-12-21T01:12:00.476704,2025-12-21T01:12:00.476704
10,42,2 Tessalonicenses,1,2025-12-21T01:12:00.476704,2025-12-21T01:12:00.476704
10,43,2 Tessalonicenses,2,2025-12-21T01:12:00.476704,2025-12-21T01:12:00.476704
10,43,2 Tessalonicenses,3,2025-12-21T01:12:00.476704,2025-12-21T01:12:00.476704
10,44,1 Timóteo,1,2025-12-21T01:12:00.476704,2025-12-21T01:12:00.476704
10,45,1 Timóteo,2,2025-12-21T01:12:00.476704,2025-12-21T01:12:00.476704
10,45,1 Timóteo,3,2025-12-21T01:12:00.476704,2025-12-21T01:12:00.476704
10,46,1 Timóteo,4,2025-12-21T01:12:00.476704,2025-12-21T01:12:00.476704
10,46,1 Timóteo,5,2025-12-21T01:12:00.476704,2025-12-21T01:12:00.476704
10,47,1 Timóteo,6,2025-12-21T01:12:00.476704,2025-12-21T01:12:00.476704
10,48,2 Timóteo,1,2025-12-21T01:12:00.476704,2025-12-21T01:12:00.476704
10,49,2 Timóteo,2,2025-12-21T01:12:00.476704,2025-12-21T01:12:00.476704
10,50,2 Timóteo,3,2025-12-21T01:12:00.476704,2025-12-21T01:12:00.476704
10,50,2 Timóteo,4,2025-12-21T01:12:00.476704,2025-12-21T01:12:00.476704
10,51,Tito,1,2025-12-21T01:12:00.476704,2025-12-21T01:12:00.476704
10,52,Tito,2,2025-12-21T01:12:00.476704,2025-12-21T01:12:00.476704
10,52,Tito,3,2025-12-21T01:12:00.476704,2025-12-21T01:12:00.476704
10,53,Filemom,1,2025-12-21T01:12:00.476704,2025-12-21T01:12:00.476704
10,54,Hebreus,1,2025-12-21T01:12:00.476704,2025-12-21T01:12:00.476704
10,55,Hebreus,2,2025-12-21T01:12:00.476704,2025-12-21T01:12:00.476704
10,55,Hebreus,3,2025-12-21T01:12:00.476704,2025-12-21T01:12:00.476704
10,56,Hebreus,4,2025-12-21T01:12:00.476704,2025-12-21T01:12:00.476704
10,56,Hebreus,5,2025-12-21T01:12:00.476704,2025-12-21T01:12:00.476704
10,57,Hebreus,6,2025-12-21T01:12:00.476704,2025-12-21T01:12:00.476704
10,57,Hebreus,7,2025-12-21T01:12:00.476704,2025-12-21T01:12:00.476704
10,58,Hebreus,8,2025-12-21T01:12:00.476704,2025-12-21T01:12:00.476704
10,58,Hebreus,9,2025-12-21T01:12:00.476704,2025-12-21T01:12:00.476704
10,59,Hebreus,10,2025-12-21T01:12:00.476704,2025-12-21T01:12:00.476704
10,59,Hebreus,11,2025-12-21T01:12:00.476704,2025-12-21T01:12:00.476704
10,60,Hebreus,12,2025-12-21T01:12:00.476704,2025-12-21T01:12:00.476704
10,60,Hebreus,13,2025-12-21T01:12:00.476704,2025-12-21T01:12:00.476704
3,1,Mateus,1,2025-12-21T01:12:00.476704,2025-12-21T01:12:00.476704
3,1,Mateus,2,2025-12-21T01:12:00.476704,2025-12-21T01:12:00.476704
3,1,Mateus,3,2025-12-21T01:12:00.476704,2025-12-21T01:12:00.476704
3,2,Mateus,4,2025-12-21T01:12:00.476704,2025-12-21T01:12:00.476704
3,2,Mateus,5,2025-12-21T01:12:00.476704,2025-12-21T01:12:00.476704
3,2,Mateus,6,2025-12-21T01:12:00.476704,2025-12-21T01:12:00.476704
3,3,Mateus,7,2025-12-21T01:12:00.476704,2025-12-21T01:12:00.476704
3,3,Mateus,8,2025-12-21T01:12:00.476704,2025-12-21T01:12:00.476704
3,3,Mateus,9,2025-12-21T01:12:00.476704,2025-12-21T01:12:00.476704
3,4,Mateus,10,2025-12-21T01:12:00.476704,2025-12-21T01:12:00.476704
3,4,Mateus,11,2025-12-21T01:12:00.476704,2025-12-21T01:12:00.476704
3,4,Mateus,12,2025-12-21T01:12:00.476704,2025-12-21T01:12:00.476704
3,5,Mateus,13,2025-12-21T01:12:00.476704,2025-12-21T01:12:00.476704
3,5,Mateus,14,2025-12-21T01:12:00.476704,2025-12-21T01:12:00.476704
3,5,Mateus,15,2025-12-21T01:12:00.476704,2025-12-21T01:12:00.476704
3,6,Mateus,16,2025-12-21T01:12:00.476704,2025-12-21T01:12:00.476704
3,6,Mateus,17,2025-12-21T01:12:00.476704,2025-12-21T01:12:00.476704
3,6,Mateus,18,2025-12-21T01:12:00.476704,2025-12-21T01:12:00.476704
3,7,Mateus,19,2025-12-21T01:12:00.476704,2025-12-21T01:12:00.476704
3,7,Mateus,20,2025-12-21T01:12:00.476704,2025-12-21T01:12:00.476704
3,7,Mateus,21,2025-12-21T01:12:00.476704,2025-12-21T01:12:00.476704
3,8,Mateus,22,2025-12-21T01:12:00.476704,2025-12-21T01:12:00.476704
3,8,Mateus,23,2025-12-21T01:12:00.476704,2025-12-21T01:12:00.476704
3,8,Mateus,24,2025-12-21T01:12:00.476704,2025-12-21T01:12:00.476704
3,9,Mateus,25,2025-12-21T01:12:00.476704,2025-12-21T01:12:00.476704
3,9,Mateus,26,2025-12-21T01:12:00.476704,2025-12-21T01:12:00.476704
3,9,Mateus,27,2025-12-21T01:12:00.476704,2025-12-21T01:12:00.476704
3,9,Mateus,28,2025-12-21T01:12:00.476704,2025-12-21T01:12:00.476704
3,10,Marcos,1,2025-12-21T01:12:00.476704,2025-12-21T01:12:00.476704
3,10,Marcos,2,2025-12-21T01:12:00.476704,2025-12-21T01:12:00.476704
3,10,Marcos,3,2025-12-21T01:12:00.476704,2025-12-21T01:12:00.476704
3,11,Marcos,4,2025-12-21T01:12:00.476704,2025-12-21T01:12:00.476704
3,11,Marcos,5,2025-12-21T01:12:00.476704,2025-12-21T01:12:00.476704
3,11,Marcos,6,2025-12-21T01:12:00.476704,2025-12-21T01:12:00.476704
3,12,Marcos,7,2025-12-21T01:12:00.476704,2025-12-21T01:12:00.476704
3,12,Marcos,8,2025-12-21T01:12:00.476704,2025-12-21T01:12:00.476704
3,12,Marcos,9,2025-12-21T01:12:00.476704,2025-12-21T01:12:00.476704
3,13,Marcos,10,2025-12-21T01:12:00.476704,2025-12-21T01:12:00.476704
3,13,Marcos,11,2025-12-21T01:12:00.476704,2025-12-21T01:12:00.476704
3,13,Marcos,12,2025-12-21T01:12:00.476704,2025-12-21T01:12:00.476704
3,14,Marcos,13,2025-12-21T01:12:00.476704,2025-12-21T01:12:00.476704
3,14,Marcos,14,2025-12-21T01:12:00.476704,2025-12-21T01:12:00.476704
3,14,Marcos,15,2025-12-21T01:12:00.476704,2025-12-21T01:12:00.476704
3,14,Marcos,16,2025-12-21T01:12:00.476704,2025-12-21T01:12:00.476704
3,15,Lucas,1,2025-12-21T01:12:00.476704,2025-12-21T01:12:00.476704
3,15,Lucas,2,2025-12-21T01:12:00.476704,2025-12-21T01:12:00.476704
3,15,Lucas,3,2025-12-21T01:12:00.476704,2025-12-21T01:12:00.476704
3,16,Lucas,4,2025-12-21T01:12:00.476704,2025-12-21T01:12:00.476704
3,16,Lucas,5,2025-12-21T01:12:00.476704,2025-12-21T01:12:00.476704
3,16,Lucas,6,2025-12-21T01:12:00.476704,2025-12-21T01:12:00.476704
3,17,Lucas,7,2025-12-21T01:12:00.476704,2025-12-21T01:12:00.476704
3,17,Lucas,8,2025-12-21T01:12:00.476704,2025-12-21T01:12:00.476704
3,17,Lucas,9,2025-12-21T01:12:00.476704,2025-12-21T01:12:00.476704
3,18,Lucas,10,2025-12-21T01:12:00.476704,2025-12-21T01:12:00.476704
3,18,Lucas,11,2025-12-21T01:12:00.476704,2025-12-21T01:12:00.476704
3,18,Lucas,12,2025-12-21T01:12:00.476704,2025-12-21T01:12:00.476704
3,19,Lucas,13,2025-12-21T01:12:00.476704,2025-12-21T01:12:00.476704
3,19,Lucas,14,2025-12-21T01:12:00.476704,2025-12-21T01:12:00.476704
3,19,Lucas,15,2025-12-21T01:12:00.476704,2025-12-21T01:12:00.476704
3,20,Lucas,16,2025-12-21T01:12:00.476704,2025-12-21T01:12:00.476704
3,20,Lucas,17,2025-12-21T01:12:00.476704,2025-12-21T01:12:00.476704
3,20,Lucas,18,2025-12-21T01:12:00.476704,2025-12-21T01:12:00.476704
3,21,Lucas,19,2025-12-21T01:12:00.476704,2025-12-21T01:12:00.476704
3,21,Lucas,20,2025-12-21T01:12:00.476704,2025-12-21T01:12:00.476704
3,21,Lucas,21,2025-12-21T01:12:00.476704,2025-12-21T01:12:00.476704
3,22,Lucas,22,2025-12-21T01:12:00.476704,2025-12-21T01:12:00.476704
3,22,Lucas,23,2025-12-21T01:12:00.476704,2025-12-21T01:12:00.476704
3,22,Lucas,24,2025-12-21T01:12:00.476704,2025-12-21T01:12:00.476704
3,23,João,1,2025-12-21T01:12:00.476704,2025-12-21T01:12:00.476704
3,23,João,2,2025-12-21T01:12:00.476704,2025-12-21T01:12:00.476704
3,23,João,3,2025-12-21T01:12:00.476704,2025-12-21T01:12:00.476704
3,24,João,4,2025-12-21T01:12:00.476704,2025-12-21T01:12:00.476704
3,24,João,5,2025-12-21T01:12:00.476704,2025-12-21T01:12:00.476704
3,24,João,6,2025-12-21T01:12:00.476704,2025-12-21T01:12:00.476704
3,25,João,7,2025-12-21T01:12:00.476704,2025-12-21T01:12:00.476704
3,25,João,8,2025-12-21T01:12:00.476704,2025-12-21T01:12:00.476704
3,25,João,9,2025-12-21T01:12:00.476704,2025-12-21T01:12:00.476704
3,26,João,10,2025-12-21T01:12:00.476704,2025-12-21T01:12:00.476704
3,26,João,11,2025-12-21T01:12:00.476704,2025-12-21T01:12:00.476704
3,26,João,12,2025-12-21T01:12:00.476704,2025-12-21T01:12:00.476704
3,27,João,13,2025-12-21T01:12:00.476704,2025-12-21T01:12:00.476704
3,27,João,14,2025-12-21T01:12:00.476704,2025-12-21T01:12:00.476704
3,27,João,15,2025-12-21T01:12:00.476704,2025-12-21T01:12:00.476704
3,28,João,16,2025-12-21T01:12:00.476704,2025-12-21T01:12:00.476704
3,28,João,17,2025-12-21T01:12:00.476704,2025-12-21T01:12:00.476704
3,28,João,18,2025-12-21T01:12:00.476704,2025-12-21T01:12:00.476704
3,29,João,19,2025-12-21T01:12:00.476704,2025-12-21T01:12:00.476704
3,29,João,20,2025-12-21T01:12:00.476704,2025-12-21T01:12:00.476704
3,30,João,21,2025-12-21T01:12:00.476704,2025-12-21T01:12:00.476704
34,1,Gênesis,2,2025-12-21T01:12:00.476704,2025-12-21T01:12:00.476704
34,1,Gênesis,3,2025-12-21T01:12:00.476704,2025-12-21T01:12:00.476704
34,1,Gênesis,4,2025-12-21T01:12:00.476704,2025-12-21T01:12:00.476704
34,2,Gênesis,6,2025-12-21T01:12:00.476704,2025-12-21T01:12:00.476704
34,2,Gênesis,7,2025-12-21T01:12:00.476704,2025-12-21T01:12:00.476704
34,2,Gênesis,8,2025-12-21T01:12:00.476704,2025-12-21T01:12:00.476704
34,2,Gênesis,9,2025-12-21T01:12:00.476704,2025-12-21T01:12:00.476704
34,3,Gênesis,12,2025-12-21T01:12:00.476704,2025-12-21T01:12:00.476704
34,3,Gênesis,13,2025-12-21T01:12:00.476704,2025-12-21T01:12:00.476704
34,4,Gênesis,16,2025-12-21T01:12:00.476704,2025-12-21T01:12:00.476704
34,4,Gênesis,17,2025-12-21T01:12:00.476704,2025-12-21T01:12:00.476704
34,5,Gênesis,18,2025-12-21T01:12:00.476704,2025-12-21T01:12:00.476704
34,5,Gênesis,19,2025-12-21T01:12:00.476704,2025-12-21T01:12:00.476704
34,6,Gênesis,21,2025-12-21T01:12:00.476704,2025-12-21T01:12:00.476704
34,6,Gênesis,22,2025-12-21T01:12:00.476704,2025-12-21T01:12:00.476704
34,7,Gênesis,24,2025-12-21T01:12:00.476704,2025-12-21T01:12:00.476704
34,7,Gênesis,25,2025-12-21T01:12:00.476704,2025-12-21T01:12:00.476704
34,8,Gênesis,27,2025-12-21T01:12:00.476704,2025-12-21T01:12:00.476704
34,8,Gênesis,28,2025-12-21T01:12:00.476704,2025-12-21T01:12:00.476704
34,9,Gênesis,29,2025-12-21T01:12:00.476704,2025-12-21T01:12:00.476704
34,9,Gênesis,30,2025-12-21T01:12:00.476704,2025-12-21T01:12:00.476704
34,10,Gênesis,37,2025-12-21T01:12:00.476704,2025-12-21T01:12:00.476704
34,10,Gênesis,38,2025-12-21T01:12:00.476704,2025-12-21T01:12:00.476704
34,10,Gênesis,39,2025-12-21T01:12:00.476704,2025-12-21T01:12:00.476704
34,11,Êxodo,1,2025-12-21T01:12:00.476704,2025-12-21T01:12:00.476704
34,11,Êxodo,2,2025-12-21T01:12:00.476704,2025-12-21T01:12:00.476704
34,12,Números,12,2025-12-21T01:12:00.476704,2025-12-21T01:12:00.476704
34,12,Números,13,2025-12-21T01:12:00.476704,2025-12-21T01:12:00.476704
34,12,Números,14,2025-12-21T01:12:00.476704,2025-12-21T01:12:00.476704
34,13,Juízes,13,2025-12-21T01:12:00.476704,2025-12-21T01:12:00.476704
34,13,Juízes,14,2025-12-21T01:12:00.476704,2025-12-21T01:12:00.476704
34,14,Rute,1,2025-12-21T01:12:00.476704,2025-12-21T01:12:00.476704
34,14,Rute,2,2025-12-21T01:12:00.476704,2025-12-21T01:12:00.476704
34,14,Rute,3,2025-12-21T01:12:00.476704,2025-12-21T01:12:00.476704
34,14,Rute,4,2025-12-21T01:12:00.476704,2025-12-21T01:12:00.476704
34,15,1 Samuel,1,2025-12-21T01:12:00.476704,2025-12-21T01:12:00.476704
34,15,1 Samuel,2,2025-12-21T01:12:00.476704,2025-12-21T01:12:00.476704
34,16,1 Samuel,17,2025-12-21T01:12:00.476704,2025-12-21T01:12:00.476704
34,16,1 Samuel,18,2025-12-21T01:12:00.476704,2025-12-21T01:12:00.476704
34,17,2 Samuel,11,2025-12-21T01:12:00.476704,2025-12-21T01:12:00.476704
34,17,2 Samuel,12,2025-12-21T01:12:00.476704,2025-12-21T01:12:00.476704
34,18,1 Reis,1,2025-12-21T01:12:00.476704,2025-12-21T01:12:00.476704
34,18,1 Reis,2,2025-12-21T01:12:00.476704,2025-12-21T01:12:00.476704
34,19,Ester,1,2025-12-21T01:12:00.476704,2025-12-21T01:12:00.476704
34,19,Ester,2,2025-12-21T01:12:00.476704,2025-12-21T01:12:00.476704
34,20,Daniel,1,2025-12-21T01:12:00.476704,2025-12-21T01:12:00.476704
34,20,Daniel,2,2025-12-21T01:12:00.476704,2025-12-21T01:12:00.476704
34,20,Daniel,3,2025-12-21T01:12:00.476704,2025-12-21T01:12:00.476704
34,21,Mateus,1,2025-12-21T01:12:00.476704,2025-12-21T01:12:00.476704
34,21,Mateus,2,2025-12-21T01:12:00.476704,2025-12-21T01:12:00.476704
34,22,Lucas,1,2025-12-21T01:12:00.476704,2025-12-21T01:12:00.476704
34,22,Lucas,2,2025-12-21T01:12:00.476704,2025-12-21T01:12:00.476704
34,23,Lucas,10,2025-12-21T01:12:00.476704,2025-12-21T01:12:00.476704
34,24,João,11,2025-12-21T01:12:00.476704,2025-12-21T01:12:00.476704
34,25,Lucas,8,2025-12-21T01:12:00.476704,2025-12-21T01:12:00.476704
34,26,Atos,10,2025-12-21T01:12:00.476704,2025-12-21T01:12:00.476704
34,27,Atos,16,2025-12-21T01:12:00.476704,2025-12-21T01:12:00.476704
34,28,Romanos,16,2025-12-21T01:12:00.476704,2025-12-21T01:12:00.476704
34,29,2 Timóteo,1,2025-12-21T01:12:00.476704,2025-12-21T01:12:00.476704
34,30,1 Coríntios,12,2025-12-21T01:12:00.476704,2025-12-21T01:12:00.476704
34,30,1 Coríntios,13,2025-12-21T01:12:00.476704,2025-12-21T01:12:00.476704
32,1,Gênesis,6,2025-12-21T01:12:00.476704,2025-12-21T01:12:00.476704
32,1,Gênesis,7,2025-12-21T01:12:00.476704,2025-12-21T01:12:00.476704
32,1,Gênesis,8,2025-12-21T01:12:00.476704,2025-12-21T01:12:00.476704
32,1,Gênesis,9,2025-12-21T01:12:00.476704,2025-12-21T01:12:00.476704
32,2,Gênesis,12,2025-12-21T01:12:00.476704,2025-12-21T01:12:00.476704
32,2,Gênesis,13,2025-12-21T01:12:00.476704,2025-12-21T01:12:00.476704
32,3,Gênesis,22,2025-12-21T01:12:00.476704,2025-12-21T01:12:00.476704
32,4,Gênesis,28,2025-12-21T01:12:00.476704,2025-12-21T01:12:00.476704
32,4,Gênesis,29,2025-12-21T01:12:00.476704,2025-12-21T01:12:00.476704
32,4,Gênesis,30,2025-12-21T01:12:00.476704,2025-12-21T01:12:00.476704
32,4,Gênesis,31,2025-12-21T01:12:00.476704,2025-12-21T01:12:00.476704
32,4,Gênesis,32,2025-12-21T01:12:00.476704,2025-12-21T01:12:00.476704
32,5,Gênesis,37,2025-12-21T01:12:00.476704,2025-12-21T01:12:00.476704
32,5,Gênesis,38,2025-12-21T01:12:00.476704,2025-12-21T01:12:00.476704
32,5,Gênesis,39,2025-12-21T01:12:00.476704,2025-12-21T01:12:00.476704
32,5,Gênesis,40,2025-12-21T01:12:00.476704,2025-12-21T01:12:00.476704
32,5,Gênesis,41,2025-12-21T01:12:00.476704,2025-12-21T01:12:00.476704
32,6,Êxodo,3,2025-12-21T01:12:00.476704,2025-12-21T01:12:00.476704
32,6,Êxodo,4,2025-12-21T01:12:00.476704,2025-12-21T01:12:00.476704
32,7,Êxodo,14,2025-12-21T01:12:00.476704,2025-12-21T01:12:00.476704
32,7,Êxodo,15,2025-12-21T01:12:00.476704,2025-12-21T01:12:00.476704
32,8,Josué,1,2025-12-21T01:12:00.476704,2025-12-21T01:12:00.476704
32,8,Josué,2,2025-12-21T01:12:00.476704,2025-12-21T01:12:00.476704
32,9,Juízes,6,2025-12-21T01:12:00.476704,2025-12-21T01:12:00.476704
32,9,Juízes,7,2025-12-21T01:12:00.476704,2025-12-21T01:12:00.476704
32,10,Juízes,13,2025-12-21T01:12:00.476704,2025-12-21T01:12:00.476704
32,10,Juízes,14,2025-12-21T01:12:00.476704,2025-12-21T01:12:00.476704
32,10,Juízes,15,2025-12-21T01:12:00.476704,2025-12-21T01:12:00.476704
32,10,Juízes,16,2025-12-21T01:12:00.476704,2025-12-21T01:12:00.476704
32,11,Rute,2,2025-12-21T01:12:00.476704,2025-12-21T01:12:00.476704
32,11,Rute,3,2025-12-21T01:12:00.476704,2025-12-21T01:12:00.476704
32,11,Rute,4,2025-12-21T01:12:00.476704,2025-12-21T01:12:00.476704
32,12,1 Samuel,16,2025-12-21T01:12:00.476704,2025-12-21T01:12:00.476704
32,12,1 Samuel,17,2025-12-21T01:12:00.476704,2025-12-21T01:12:00.476704
32,13,1 Samuel,17,2025-12-21T01:12:00.476704,2025-12-21T01:12:00.476704
32,13,1 Samuel,18,2025-12-21T01:12:00.476704,2025-12-21T01:12:00.476704
32,14,2 Samuel,11,2025-12-21T01:12:00.476704,2025-12-21T01:12:00.476704
32,14,2 Samuel,12,2025-12-21T01:12:00.476704,2025-12-21T01:12:00.476704
32,15,1 Reis,2,2025-12-21T01:12:00.476704,2025-12-21T01:12:00.476704
32,15,1 Reis,3,2025-12-21T01:12:00.476704,2025-12-21T01:12:00.476704
32,16,1 Reis,18,2025-12-21T01:12:00.476704,2025-12-21T01:12:00.476704
32,16,1 Reis,19,2025-12-21T01:12:00.476704,2025-12-21T01:12:00.476704
32,17,2 Reis,2,2025-12-21T01:12:00.476704,2025-12-21T01:12:00.476704
32,18,Ester,3,2025-12-21T01:12:00.476704,2025-12-21T01:12:00.476704
32,18,Ester,4,2025-12-21T01:12:00.476704,2025-12-21T01:12:00.476704
32,18,Ester,5,2025-12-21T01:12:00.476704,2025-12-21T01:12:00.476704
32,18,Ester,6,2025-12-21T01:12:00.476704,2025-12-21T01:12:00.476704
32,19,Neemias,1,2025-12-21T01:12:00.476704,2025-12-21T01:12:00.476704
32,19,Neemias,2,2025-12-21T01:12:00.476704,2025-12-21T01:12:00.476704
32,20,Daniel,1,2025-12-21T01:12:00.476704,2025-12-21T01:12:00.476704
32,20,Daniel,2,2025-12-21T01:12:00.476704,2025-12-21T01:12:00.476704
32,21,Daniel,3,2025-12-21T01:12:00.476704,2025-12-21T01:12:00.476704
32,22,Malaquias,1,2025-12-21T01:12:00.476704,2025-12-21T01:12:00.476704
32,23,Lucas,3,2025-12-21T01:12:00.476704,2025-12-21T01:12:00.476704
32,24,Mateus,3,2025-12-21T01:12:00.476704,2025-12-21T01:12:00.476704
32,24,Mateus,4,2025-12-21T01:12:00.476704,2025-12-21T01:12:00.476704
32,25,João,10,2025-12-21T01:12:00.476704,2025-12-21T01:12:00.476704
32,26,João,13,2025-12-21T01:12:00.476704,2025-12-21T01:12:00.476704
32,26,João,14,2025-12-21T01:12:00.476704,2025-12-21T01:12:00.476704
32,27,Atos,7,2025-12-21T01:12:00.476704,2025-12-21T01:12:00.476704
32,27,Atos,8,2025-12-21T01:12:00.476704,2025-12-21T01:12:00.476704
32,27,Atos,9,2025-12-21T01:12:00.476704,2025-12-21T01:12:00.476704
32,28,Atos,22,2025-12-21T01:12:00.476704,2025-12-21T01:12:00.476704
32,28,Atos,23,2025-12-21T01:12:00.476704,2025-12-21T01:12:00.476704
32,29,Romanos,7,2025-12-21T01:12:00.476704,2025-12-21T01:12:00.476704
32,29,Romanos,8,2025-12-21T01:12:00.476704,2025-12-21T01:12:00.476704
32,30,2 Timóteo,4,2025-12-21T01:12:00.476704,2025-12-21T01:12:00.476704
36,1,Gênesis,6,2025-12-21T01:12:00.476704,2025-12-21T01:12:00.476704
36,1,Gênesis,7,2025-12-21T01:12:00.476704,2025-12-21T01:12:00.476704
36,1,Gênesis,8,2025-12-21T01:12:00.476704,2025-12-21T01:12:00.476704
36,1,Gênesis,9,2025-12-21T01:12:00.476704,2025-12-21T01:12:00.476704
36,2,Gênesis,12,2025-12-21T01:12:00.476704,2025-12-21T01:12:00.476704
36,2,Gênesis,13,2025-12-21T01:12:00.476704,2025-12-21T01:12:00.476704
36,3,Gênesis,41,2025-12-21T01:12:00.476704,2025-12-21T01:12:00.476704
36,4,Êxodo,3,2025-12-21T01:12:00.476704,2025-12-21T01:12:00.476704
36,4,Êxodo,4,2025-12-21T01:12:00.476704,2025-12-21T01:12:00.476704
36,5,Êxodo,18,2025-12-21T01:12:00.476704,2025-12-21T01:12:00.476704
36,6,Josué,1,2025-12-21T01:12:00.476704,2025-12-21T01:12:00.476704
36,6,Josué,2,2025-12-21T01:12:00.476704,2025-12-21T01:12:00.476704
36,7,Juízes,4,2025-12-21T01:12:00.476704,2025-12-21T01:12:00.476704
36,7,Juízes,5,2025-12-21T01:12:00.476704,2025-12-21T01:12:00.476704
36,8,Juízes,6,2025-12-21T01:12:00.476704,2025-12-21T01:12:00.476704
36,8,Juízes,7,2025-12-21T01:12:00.476704,2025-12-21T01:12:00.476704
36,9,1 Samuel,3,2025-12-21T01:12:00.476704,2025-12-21T01:12:00.476704
36,10,1 Samuel,17,2025-12-21T01:12:00.476704,2025-12-21T01:12:00.476704
36,10,1 Samuel,18,2025-12-21T01:12:00.476704,2025-12-21T01:12:00.476704
36,11,2 Samuel,5,2025-12-21T01:12:00.476704,2025-12-21T01:12:00.476704
36,12,1 Reis,3,2025-12-21T01:12:00.476704,2025-12-21T01:12:00.476704
36,12,1 Reis,4,2025-12-21T01:12:00.476704,2025-12-21T01:12:00.476704
36,13,1 Reis,18,2025-12-21T01:12:00.476704,2025-12-21T01:12:00.476704
36,13,1 Reis,19,2025-12-21T01:12:00.476704,2025-12-21T01:12:00.476704
36,14,2 Reis,2,2025-12-21T01:12:00.476704,2025-12-21T01:12:00.476704
36,15,Esdras,1,2025-12-21T01:12:00.476704,2025-12-21T01:12:00.476704
36,15,Esdras,2,2025-12-21T01:12:00.476704,2025-12-21T01:12:00.476704
36,16,Neemias,1,2025-12-21T01:12:00.476704,2025-12-21T01:12:00.476704
36,16,Neemias,2,2025-12-21T01:12:00.476704,2025-12-21T01:12:00.476704
36,17,Ester,4,2025-12-21T01:12:00.476704,2025-12-21T01:12:00.476704
36,17,Ester,5,2025-12-21T01:12:00.476704,2025-12-21T01:12:00.476704
36,18,Daniel,1,2025-12-21T01:12:00.476704,2025-12-21T01:12:00.476704
36,18,Daniel,2,2025-12-21T01:12:00.476704,2025-12-21T01:12:00.476704
36,19,Mateus,5,2025-12-21T01:12:00.476704,2025-12-21T01:12:00.476704
36,19,Mateus,6,2025-12-21T01:12:00.476704,2025-12-21T01:12:00.476704
36,19,Mateus,7,2025-12-21T01:12:00.476704,2025-12-21T01:12:00.476704
36,20,Mateus,20,2025-12-21T01:12:00.476704,2025-12-21T01:12:00.476704
36,20,Mateus,21,2025-12-21T01:12:00.476704,2025-12-21T01:12:00.476704
36,21,Lucas,10,2025-12-21T01:12:00.476704,2025-12-21T01:12:00.476704
36,22,João,13,2025-12-21T01:12:00.476704,2025-12-21T01:12:00.476704
36,22,João,14,2025-12-21T01:12:00.476704,2025-12-21T01:12:00.476704
36,23,Atos,1,2025-12-21T01:12:00.476704,2025-12-21T01:12:00.476704
36,23,Atos,2,2025-12-21T01:12:00.476704,2025-12-21T01:12:00.476704
36,24,Atos,6,2025-12-21T01:12:00.476704,2025-12-21T01:12:00.476704
36,24,Atos,7,2025-12-21T01:12:00.476704,2025-12-21T01:12:00.476704
36,25,Atos,9,2025-12-21T01:12:00.476704,2025-12-21T01:12:00.476704
36,26,Atos,16,2025-12-21T01:12:00.476704,2025-12-21T01:12:00.476704
36,27,Romanos,12,2025-12-21T01:12:00.476704,2025-12-21T01:12:00.476704
36,27,Romanos,13,2025-12-21T01:12:00.476704,2025-12-21T01:12:00.476704
36,28,1 Timóteo,3,2025-12-21T01:12:00.476704,2025-12-21T01:12:00.476704
36,28,1 Timóteo,4,2025-12-21T01:12:00.476704,2025-12-21T01:12:00.476704
36,29,Tito,1,2025-12-21T01:12:00.476704,2025-12-21T01:12:00.476704
36,30,2 Timóteo,4,2025-12-21T01:12:00.476704,2025-12-21T01:12:00.476704
26,1,João,2,2025-12-21T01:12:00.476704,2025-12-21T01:12:00.476704
26,2,Mateus,8,2025-12-21T01:12:00.476704,2025-12-21T01:12:00.476704
26,3,Marcos,2,2025-12-21T01:12:00.476704,2025-12-21T01:12:00.476704
26,4,Lucas,7,2025-12-21T01:12:00.476704,2025-12-21T01:12:00.476704
26,5,Mateus,9,2025-12-21T01:12:00.476704,2025-12-21T01:12:00.476704
26,6,Marcos,5,2025-12-21T01:12:00.476704,2025-12-21T01:12:00.476704
26,7,Lucas,8,2025-12-21T01:12:00.476704,2025-12-21T01:12:00.476704
26,8,João,5,2025-12-21T01:12:00.476704,2025-12-21T01:12:00.476704
26,9,Mateus,14,2025-12-21T01:12:00.476704,2025-12-21T01:12:00.476704
26,10,Marcos,7,2025-12-21T01:12:00.476704,2025-12-21T01:12:00.476704
26,11,Lucas,13,2025-12-21T01:12:00.476704,2025-12-21T01:12:00.476704
26,12,João,9,2025-12-21T01:12:00.476704,2025-12-21T01:12:00.476704
26,13,Mateus,17,2025-12-21T01:12:00.476704,2025-12-21T01:12:00.476704
26,14,Marcos,8,2025-12-21T01:12:00.476704,2025-12-21T01:12:00.476704
26,15,Lucas,17,2025-12-21T01:12:00.476704,2025-12-21T01:12:00.476704
26,16,João,11,2025-12-21T01:12:00.476704,2025-12-21T01:12:00.476704
26,17,Mateus,20,2025-12-21T01:12:00.476704,2025-12-21T01:12:00.476704
26,18,Marcos,10,2025-12-21T01:12:00.476704,2025-12-21T01:12:00.476704
26,19,Lucas,18,2025-12-21T01:12:00.476704,2025-12-21T01:12:00.476704
26,20,João,6,2025-12-21T01:12:00.476704,2025-12-21T01:12:00.476704
26,21,João,21,2025-12-21T01:12:00.476704,2025-12-21T01:12:00.476704
29,1,Gênesis,2,2025-12-21T01:12:00.476704,2025-12-21T01:12:00.476704
29,1,Gênesis,3,2025-12-21T01:12:00.476704,2025-12-21T01:12:00.476704
29,2,Gênesis,16,2025-12-21T01:12:00.476704,2025-12-21T01:12:00.476704
29,3,Gênesis,18,2025-12-21T01:12:00.476704,2025-12-21T01:12:00.476704
29,3,Gênesis,19,2025-12-21T01:12:00.476704,2025-12-21T01:12:00.476704
29,3,Gênesis,20,2025-12-21T01:12:00.476704,2025-12-21T01:12:00.476704
29,3,Gênesis,21,2025-12-21T01:12:00.476704,2025-12-21T01:12:00.476704
29,4,Gênesis,24,2025-12-21T01:12:00.476704,2025-12-21T01:12:00.476704
29,5,Gênesis,29,2025-12-21T01:12:00.476704,2025-12-21T01:12:00.476704
29,5,Gênesis,30,2025-12-21T01:12:00.476704,2025-12-21T01:12:00.476704
29,6,Êxodo,1,2025-12-21T01:12:00.476704,2025-12-21T01:12:00.476704
29,6,Êxodo,2,2025-12-21T01:12:00.476704,2025-12-21T01:12:00.476704
29,7,Êxodo,15,2025-12-21T01:12:00.476704,2025-12-21T01:12:00.476704
29,8,Josué,2,2025-12-21T01:12:00.476704,2025-12-21T01:12:00.476704
29,9,Juízes,4,2025-12-21T01:12:00.476704,2025-12-21T01:12:00.476704
29,9,Juízes,5,2025-12-21T01:12:00.476704,2025-12-21T01:12:00.476704
29,10,Rute,1,2025-12-21T01:12:00.476704,2025-12-21T01:12:00.476704
29,10,Rute,2,2025-12-21T01:12:00.476704,2025-12-21T01:12:00.476704
29,10,Rute,3,2025-12-21T01:12:00.476704,2025-12-21T01:12:00.476704
29,10,Rute,4,2025-12-21T01:12:00.476704,2025-12-21T01:12:00.476704
29,11,1 Samuel,1,2025-12-21T01:12:00.476704,2025-12-21T01:12:00.476704
29,11,1 Samuel,2,2025-12-21T01:12:00.476704,2025-12-21T01:12:00.476704
29,12,1 Samuel,25,2025-12-21T01:12:00.476704,2025-12-21T01:12:00.476704
29,13,2 Samuel,1,2025-12-21T01:12:00.476704,2025-12-21T01:12:00.476704
29,13,2 Samuel,2,2025-12-21T01:12:00.476704,2025-12-21T01:12:00.476704
29,14,Ester,1,2025-12-21T01:12:00.476704,2025-12-21T01:12:00.476704
29,14,Ester,2,2025-12-21T01:12:00.476704,2025-12-21T01:12:00.476704
29,15,Provérbios,31,2025-12-21T01:12:00.476704,2025-12-21T01:12:00.476704
29,16,Lucas,1,2025-12-21T01:12:00.476704,2025-12-21T01:12:00.476704
29,17,Mateus,1,2025-12-21T01:12:00.476704,2025-12-21T01:12:00.476704
29,17,Mateus,2,2025-12-21T01:12:00.476704,2025-12-21T01:12:00.476704
29,18,João,4,2025-12-21T01:12:00.476704,2025-12-21T01:12:00.476704
29,19,Lucas,8,2025-12-21T01:12:00.476704,2025-12-21T01:12:00.476704
29,20,João,11,2025-12-21T01:12:00.476704,2025-12-21T01:12:00.476704
29,21,Lucas,7,2025-12-21T01:12:00.476704,2025-12-21T01:12:00.476704
29,22,Lucas,13,2025-12-21T01:12:00.476704,2025-12-21T01:12:00.476704
29,23,Lucas,18,2025-12-21T01:12:00.476704,2025-12-21T01:12:00.476704
29,24,Marcos,5,2025-12-21T01:12:00.476704,2025-12-21T01:12:00.476704
29,25,Lucas,21,2025-12-21T01:12:00.476704,2025-12-21T01:12:00.476704
29,26,João,20,2025-12-21T01:12:00.476704,2025-12-21T01:12:00.476704
29,27,Atos,9,2025-12-21T01:12:00.476704,2025-12-21T01:12:00.476704
29,28,Atos,16,2025-12-21T01:12:00.476704,2025-12-21T01:12:00.476704
29,29,Romanos,16,2025-12-21T01:12:00.476704,2025-12-21T01:12:00.476704
29,30,2 Timóteo,1,2025-12-21T01:12:00.476704,2025-12-21T01:12:00.476704
27,1,Mateus,5,2025-12-21T01:12:00.476704,2025-12-21T01:12:00.476704
27,2,Mateus,7,2025-12-21T01:12:00.476704,2025-12-21T01:12:00.476704
27,3,Marcos,4,2025-12-21T01:12:00.476704,2025-12-21T01:12:00.476704
27,4,Lucas,8,2025-12-21T01:12:00.476704,2025-12-21T01:12:00.476704
27,5,Mateus,13,2025-12-21T01:12:00.476704,2025-12-21T01:12:00.476704
27,6,Lucas,10,2025-12-21T01:12:00.476704,2025-12-21T01:12:00.476704
27,7,Lucas,11,2025-12-21T01:12:00.476704,2025-12-21T01:12:00.476704
27,8,Lucas,12,2025-12-21T01:12:00.476704,2025-12-21T01:12:00.476704
27,9,Lucas,13,2025-12-21T01:12:00.476704,2025-12-21T01:12:00.476704
27,10,Lucas,14,2025-12-21T01:12:00.476704,2025-12-21T01:12:00.476704
27,11,Lucas,15,2025-12-21T01:12:00.476704,2025-12-21T01:12:00.476704
27,12,Lucas,16,2025-12-21T01:12:00.476704,2025-12-21T01:12:00.476704
27,13,Lucas,17,2025-12-21T01:12:00.476704,2025-12-21T01:12:00.476704
27,14,Lucas,18,2025-12-21T01:12:00.476704,2025-12-21T01:12:00.476704
27,15,Mateus,18,2025-12-21T01:12:00.476704,2025-12-21T01:12:00.476704
27,16,Mateus,20,2025-12-21T01:12:00.476704,2025-12-21T01:12:00.476704
27,17,Mateus,21,2025-12-21T01:12:00.476704,2025-12-21T01:12:00.476704
27,18,Mateus,22,2025-12-21T01:12:00.476704,2025-12-21T01:12:00.476704
27,19,Mateus,24,2025-12-21T01:12:00.476704,2025-12-21T01:12:00.476704
27,20,Mateus,25,2025-12-21T01:12:00.476704,2025-12-21T01:12:00.476704
27,21,Marcos,12,2025-12-21T01:12:00.476704,2025-12-21T01:12:00.476704
27,22,Marcos,13,2025-12-21T01:12:00.476704,2025-12-21T01:12:00.476704
27,23,Lucas,6,2025-12-21T01:12:00.476704,2025-12-21T01:12:00.476704
27,24,Lucas,5,2025-12-21T01:12:00.476704,2025-12-21T01:12:00.476704
27,25,Mateus,6,2025-12-21T01:12:00.476704,2025-12-21T01:12:00.476704
27,26,Mateus,25,2025-12-21T01:12:00.476704,2025-12-21T01:12:00.476704
27,27,Lucas,18,2025-12-21T01:12:00.476704,2025-12-21T01:12:00.476704
27,28,Lucas,19,2025-12-21T01:12:00.476704,2025-12-21T01:12:00.476704
27,29,Mateus,13,2025-12-21T01:12:00.476704,2025-12-21T01:12:00.476704
27,30,Lucas,20,2025-12-21T01:12:00.476704,2025-12-21T01:12:00.476704
11,1,Gênesis,1,2025-12-21T01:12:00.476704,2025-12-21T01:12:00.476704
11,1,Gênesis,2,2025-12-21T01:12:00.476704,2025-12-21T01:12:00.476704
11,2,Gênesis,3,2025-12-21T01:12:00.476704,2025-12-21T01:12:00.476704
11,2,Gênesis,4,2025-12-21T01:12:00.476704,2025-12-21T01:12:00.476704
11,3,Gênesis,5,2025-12-21T01:12:00.476704,2025-12-21T01:12:00.476704
11,3,Gênesis,6,2025-12-21T01:12:00.476704,2025-12-21T01:12:00.476704
11,4,Gênesis,7,2025-12-21T01:12:00.476704,2025-12-21T01:12:00.476704
11,4,Gênesis,8,2025-12-21T01:12:00.476704,2025-12-21T01:12:00.476704
11,5,Gênesis,9,2025-12-21T01:12:00.476704,2025-12-21T01:12:00.476704
11,5,Gênesis,10,2025-12-21T01:12:00.476704,2025-12-21T01:12:00.476704
11,6,Gênesis,11,2025-12-21T01:12:00.476704,2025-12-21T01:12:00.476704
11,6,Gênesis,12,2025-12-21T01:12:00.476704,2025-12-21T01:12:00.476704
11,7,Gênesis,13,2025-12-21T01:12:00.476704,2025-12-21T01:12:00.476704
11,7,Gênesis,14,2025-12-21T01:12:00.476704,2025-12-21T01:12:00.476704
11,8,Gênesis,15,2025-12-21T01:12:00.476704,2025-12-21T01:12:00.476704
11,8,Gênesis,16,2025-12-21T01:12:00.476704,2025-12-21T01:12:00.476704
11,9,Gênesis,17,2025-12-21T01:12:00.476704,2025-12-21T01:12:00.476704
11,9,Gênesis,18,2025-12-21T01:12:00.476704,2025-12-21T01:12:00.476704
11,10,Gênesis,19,2025-12-21T01:12:00.476704,2025-12-21T01:12:00.476704
11,10,Gênesis,20,2025-12-21T01:12:00.476704,2025-12-21T01:12:00.476704
11,11,Gênesis,21,2025-12-21T01:12:00.476704,2025-12-21T01:12:00.476704
11,11,Gênesis,22,2025-12-21T01:12:00.476704,2025-12-21T01:12:00.476704
11,12,Gênesis,23,2025-12-21T01:12:00.476704,2025-12-21T01:12:00.476704
11,12,Gênesis,24,2025-12-21T01:12:00.476704,2025-12-21T01:12:00.476704
11,13,Gênesis,25,2025-12-21T01:12:00.476704,2025-12-21T01:12:00.476704
11,13,Gênesis,26,2025-12-21T01:12:00.476704,2025-12-21T01:12:00.476704
11,14,Gênesis,27,2025-12-21T01:12:00.476704,2025-12-21T01:12:00.476704
11,14,Gênesis,28,2025-12-21T01:12:00.476704,2025-12-21T01:12:00.476704
11,15,Gênesis,29,2025-12-21T01:12:00.476704,2025-12-21T01:12:00.476704
11,15,Gênesis,30,2025-12-21T01:12:00.476704,2025-12-21T01:12:00.476704
11,16,Gênesis,31,2025-12-21T01:12:00.476704,2025-12-21T01:12:00.476704
11,16,Gênesis,32,2025-12-21T01:12:00.476704,2025-12-21T01:12:00.476704
11,17,Gênesis,33,2025-12-21T01:12:00.476704,2025-12-21T01:12:00.476704
11,17,Gênesis,34,2025-12-21T01:12:00.476704,2025-12-21T01:12:00.476704
11,18,Gênesis,35,2025-12-21T01:12:00.476704,2025-12-21T01:12:00.476704
11,18,Gênesis,36,2025-12-21T01:12:00.476704,2025-12-21T01:12:00.476704
11,19,Gênesis,37,2025-12-21T01:12:00.476704,2025-12-21T01:12:00.476704
11,19,Gênesis,38,2025-12-21T01:12:00.476704,2025-12-21T01:12:00.476704
11,20,Gênesis,39,2025-12-21T01:12:00.476704,2025-12-21T01:12:00.476704
11,20,Gênesis,40,2025-12-21T01:12:00.476704,2025-12-21T01:12:00.476704
11,21,Gênesis,41,2025-12-21T01:12:00.476704,2025-12-21T01:12:00.476704
11,21,Gênesis,42,2025-12-21T01:12:00.476704,2025-12-21T01:12:00.476704
11,22,Gênesis,43,2025-12-21T01:12:00.476704,2025-12-21T01:12:00.476704
11,22,Gênesis,44,2025-12-21T01:12:00.476704,2025-12-21T01:12:00.476704
11,23,Gênesis,45,2025-12-21T01:12:00.476704,2025-12-21T01:12:00.476704
11,23,Gênesis,46,2025-12-21T01:12:00.476704,2025-12-21T01:12:00.476704
11,24,Gênesis,47,2025-12-21T01:12:00.476704,2025-12-21T01:12:00.476704
11,24,Gênesis,48,2025-12-21T01:12:00.476704,2025-12-21T01:12:00.476704
11,25,Gênesis,49,2025-12-21T01:12:00.476704,2025-12-21T01:12:00.476704
11,25,Gênesis,50,2025-12-21T01:12:00.476704,2025-12-21T01:12:00.476704
11,26,Êxodo,1,2025-12-21T01:12:00.476704,2025-12-21T01:12:00.476704
11,26,Êxodo,2,2025-12-21T01:12:00.476704,2025-12-21T01:12:00.476704
11,27,Êxodo,3,2025-12-21T01:12:00.476704,2025-12-21T01:12:00.476704
11,27,Êxodo,4,2025-12-21T01:12:00.476704,2025-12-21T01:12:00.476704
11,28,Êxodo,5,2025-12-21T01:12:00.476704,2025-12-21T01:12:00.476704
11,28,Êxodo,6,2025-12-21T01:12:00.476704,2025-12-21T01:12:00.476704
11,29,Êxodo,7,2025-12-21T01:12:00.476704,2025-12-21T01:12:00.476704
11,29,Êxodo,8,2025-12-21T01:12:00.476704,2025-12-21T01:12:00.476704
11,30,Êxodo,9,2025-12-21T01:12:00.476704,2025-12-21T01:12:00.476704
11,30,Êxodo,10,2025-12-21T01:12:00.476704,2025-12-21T01:12:00.476704
11,31,Êxodo,11,2025-12-21T01:12:00.476704,2025-12-21T01:12:00.476704
11,31,Êxodo,12,2025-12-21T01:12:00.476704,2025-12-21T01:12:00.476704
11,32,Êxodo,13,2025-12-21T01:12:00.476704,2025-12-21T01:12:00.476704
11,32,Êxodo,14,2025-12-21T01:12:00.476704,2025-12-21T01:12:00.476704
11,33,Êxodo,15,2025-12-21T01:12:00.476704,2025-12-21T01:12:00.476704
11,33,Êxodo,16,2025-12-21T01:12:00.476704,2025-12-21T01:12:00.476704
11,34,Êxodo,17,2025-12-21T01:12:00.476704,2025-12-21T01:12:00.476704
11,34,Êxodo,18,2025-12-21T01:12:00.476704,2025-12-21T01:12:00.476704
11,35,Êxodo,19,2025-12-21T01:12:00.476704,2025-12-21T01:12:00.476704
11,35,Êxodo,20,2025-12-21T01:12:00.476704,2025-12-21T01:12:00.476704
11,36,Êxodo,21,2025-12-21T01:12:00.476704,2025-12-21T01:12:00.476704
11,36,Êxodo,22,2025-12-21T01:12:00.476704,2025-12-21T01:12:00.476704
11,37,Êxodo,23,2025-12-21T01:12:00.476704,2025-12-21T01:12:00.476704
11,37,Êxodo,24,2025-12-21T01:12:00.476704,2025-12-21T01:12:00.476704
11,38,Êxodo,25,2025-12-21T01:12:00.476704,2025-12-21T01:12:00.476704
11,38,Êxodo,26,2025-12-21T01:12:00.476704,2025-12-21T01:12:00.476704
11,39,Êxodo,27,2025-12-21T01:12:00.476704,2025-12-21T01:12:00.476704
11,39,Êxodo,28,2025-12-21T01:12:00.476704,2025-12-21T01:12:00.476704
11,40,Êxodo,29,2025-12-21T01:12:00.476704,2025-12-21T01:12:00.476704
11,40,Êxodo,30,2025-12-21T01:12:00.476704,2025-12-21T01:12:00.476704
11,41,Êxodo,31,2025-12-21T01:12:00.476704,2025-12-21T01:12:00.476704
11,41,Êxodo,32,2025-12-21T01:12:00.476704,2025-12-21T01:12:00.476704
11,42,Êxodo,33,2025-12-21T01:12:00.476704,2025-12-21T01:12:00.476704
11,42,Êxodo,34,2025-12-21T01:12:00.476704,2025-12-21T01:12:00.476704
11,43,Êxodo,35,2025-12-21T01:12:00.476704,2025-12-21T01:12:00.476704
11,43,Êxodo,36,2025-12-21T01:12:00.476704,2025-12-21T01:12:00.476704
11,44,Êxodo,37,2025-12-21T01:12:00.476704,2025-12-21T01:12:00.476704
11,44,Êxodo,38,2025-12-21T01:12:00.476704,2025-12-21T01:12:00.476704
11,45,Êxodo,39,2025-12-21T01:12:00.476704,2025-12-21T01:12:00.476704
11,45,Êxodo,40,2025-12-21T01:12:00.476704,2025-12-21T01:12:00.476704
11,46,Levítico,1,2025-12-21T01:12:00.476704,2025-12-21T01:12:00.476704
11,46,Levítico,2,2025-12-21T01:12:00.476704,2025-12-21T01:12:00.476704
11,47,Levítico,3,2025-12-21T01:12:00.476704,2025-12-21T01:12:00.476704
11,47,Levítico,4,2025-12-21T01:12:00.476704,2025-12-21T01:12:00.476704
11,48,Levítico,5,2025-12-21T01:12:00.476704,2025-12-21T01:12:00.476704
11,48,Levítico,6,2025-12-21T01:12:00.476704,2025-12-21T01:12:00.476704
11,49,Levítico,7,2025-12-21T01:12:00.476704,2025-12-21T01:12:00.476704
11,49,Levítico,8,2025-12-21T01:12:00.476704,2025-12-21T01:12:00.476704
11,50,Levítico,9,2025-12-21T01:12:00.476704,2025-12-21T01:12:00.476704
11,50,Levítico,10,2025-12-21T01:12:00.476704,2025-12-21T01:12:00.476704
11,51,Levítico,11,2025-12-21T01:12:00.476704,2025-12-21T01:12:00.476704
11,51,Levítico,12,2025-12-21T01:12:00.476704,2025-12-21T01:12:00.476704
11,52,Levítico,13,2025-12-21T01:12:00.476704,2025-12-21T01:12:00.476704
11,52,Levítico,14,2025-12-21T01:12:00.476704,2025-12-21T01:12:00.476704
11,53,Levítico,15,2025-12-21T01:12:00.476704,2025-12-21T01:12:00.476704
11,53,Levítico,16,2025-12-21T01:12:00.476704,2025-12-21T01:12:00.476704
11,54,Levítico,17,2025-12-21T01:12:00.476704,2025-12-21T01:12:00.476704
11,54,Levítico,18,2025-12-21T01:12:00.476704,2025-12-21T01:12:00.476704
11,55,Levítico,19,2025-12-21T01:12:00.476704,2025-12-21T01:12:00.476704
11,55,Levítico,20,2025-12-21T01:12:00.476704,2025-12-21T01:12:00.476704
11,56,Levítico,21,2025-12-21T01:12:00.476704,2025-12-21T01:12:00.476704
11,56,Levítico,22,2025-12-21T01:12:00.476704,2025-12-21T01:12:00.476704
11,57,Levítico,23,2025-12-21T01:12:00.476704,2025-12-21T01:12:00.476704
11,57,Levítico,24,2025-12-21T01:12:00.476704,2025-12-21T01:12:00.476704
11,58,Levítico,25,2025-12-21T01:12:00.476704,2025-12-21T01:12:00.476704
11,58,Levítico,26,2025-12-21T01:12:00.476704,2025-12-21T01:12:00.476704
11,59,Levítico,27,2025-12-21T01:12:00.476704,2025-12-21T01:12:00.476704
11,59,Números,1,2025-12-21T01:12:00.476704,2025-12-21T01:12:00.476704
11,60,Números,2,2025-12-21T01:12:00.476704,2025-12-21T01:12:00.476704
11,60,Números,3,2025-12-21T01:12:00.476704,2025-12-21T01:12:00.476704
11,61,Números,4,2025-12-21T01:12:00.476704,2025-12-21T01:12:00.476704
11,61,Números,5,2025-12-21T01:12:00.476704,2025-12-21T01:12:00.476704
11,62,Números,6,2025-12-21T01:12:00.476704,2025-12-21T01:12:00.476704
11,62,Números,7,2025-12-21T01:12:00.476704,2025-12-21T01:12:00.476704
11,63,Números,8,2025-12-21T01:12:00.476704,2025-12-21T01:12:00.476704
11,63,Números,9,2025-12-21T01:12:00.476704,2025-12-21T01:12:00.476704
11,64,Números,10,2025-12-21T01:12:00.476704,2025-12-21T01:12:00.476704
11,64,Números,11,2025-12-21T01:12:00.476704,2025-12-21T01:12:00.476704
11,65,Números,12,2025-12-21T01:12:00.476704,2025-12-21T01:12:00.476704
11,65,Números,13,2025-12-21T01:12:00.476704,2025-12-21T01:12:00.476704
11,66,Números,14,2025-12-21T01:12:00.476704,2025-12-21T01:12:00.476704
11,66,Números,15,2025-12-21T01:12:00.476704,2025-12-21T01:12:00.476704
11,67,Números,16,2025-12-21T01:12:00.476704,2025-12-21T01:12:00.476704
11,67,Números,17,2025-12-21T01:12:00.476704,2025-12-21T01:12:00.476704
11,68,Números,18,2025-12-21T01:12:00.476704,2025-12-21T01:12:00.476704
11,68,Números,19,2025-12-21T01:12:00.476704,2025-12-21T01:12:00.476704
11,69,Números,20,2025-12-21T01:12:00.476704,2025-12-21T01:12:00.476704
11,69,Números,21,2025-12-21T01:12:00.476704,2025-12-21T01:12:00.476704
11,70,Números,22,2025-12-21T01:12:00.476704,2025-12-21T01:12:00.476704
11,70,Números,23,2025-12-21T01:12:00.476704,2025-12-21T01:12:00.476704
11,71,Números,24,2025-12-21T01:12:00.476704,2025-12-21T01:12:00.476704
11,71,Números,25,2025-12-21T01:12:00.476704,2025-12-21T01:12:00.476704
11,72,Números,26,2025-12-21T01:12:00.476704,2025-12-21T01:12:00.476704
11,72,Números,27,2025-12-21T01:12:00.476704,2025-12-21T01:12:00.476704
11,73,Números,28,2025-12-21T01:12:00.476704,2025-12-21T01:12:00.476704
11,73,Números,29,2025-12-21T01:12:00.476704,2025-12-21T01:12:00.476704
11,74,Números,30,2025-12-21T01:12:00.476704,2025-12-21T01:12:00.476704
11,74,Números,31,2025-12-21T01:12:00.476704,2025-12-21T01:12:00.476704
11,75,Números,32,2025-12-21T01:12:00.476704,2025-12-21T01:12:00.476704
11,75,Números,33,2025-12-21T01:12:00.476704,2025-12-21T01:12:00.476704
11,76,Números,34,2025-12-21T01:12:00.476704,2025-12-21T01:12:00.476704
11,76,Números,35,2025-12-21T01:12:00.476704,2025-12-21T01:12:00.476704
11,77,Números,36,2025-12-21T01:12:00.476704,2025-12-21T01:12:00.476704
11,77,Deuteronômio,1,2025-12-21T01:12:00.476704,2025-12-21T01:12:00.476704
11,78,Deuteronômio,2,2025-12-21T01:12:00.476704,2025-12-21T01:12:00.476704
11,78,Deuteronômio,3,2025-12-21T01:12:00.476704,2025-12-21T01:12:00.476704
11,79,Deuteronômio,4,2025-12-21T01:12:00.476704,2025-12-21T01:12:00.476704
11,79,Deuteronômio,5,2025-12-21T01:12:00.476704,2025-12-21T01:12:00.476704
11,80,Deuteronômio,6,2025-12-21T01:12:00.476704,2025-12-21T01:12:00.476704
11,80,Deuteronômio,7,2025-12-21T01:12:00.476704,2025-12-21T01:12:00.476704
11,81,Deuteronômio,8,2025-12-21T01:12:00.476704,2025-12-21T01:12:00.476704
11,81,Deuteronômio,9,2025-12-21T01:12:00.476704,2025-12-21T01:12:00.476704
11,82,Deuteronômio,10,2025-12-21T01:12:00.476704,2025-12-21T01:12:00.476704
11,82,Deuteronômio,11,2025-12-21T01:12:00.476704,2025-12-21T01:12:00.476704
11,83,Deuteronômio,12,2025-12-21T01:12:00.476704,2025-12-21T01:12:00.476704
11,83,Deuteronômio,13,2025-12-21T01:12:00.476704,2025-12-21T01:12:00.476704
11,84,Deuteronômio,14,2025-12-21T01:12:00.476704,2025-12-21T01:12:00.476704
11,84,Deuteronômio,15,2025-12-21T01:12:00.476704,2025-12-21T01:12:00.476704
11,85,Deuteronômio,16,2025-12-21T01:12:00.476704,2025-12-21T01:12:00.476704
11,85,Deuteronômio,17,2025-12-21T01:12:00.476704,2025-12-21T01:12:00.476704
11,86,Deuteronômio,18,2025-12-21T01:12:00.476704,2025-12-21T01:12:00.476704
11,86,Deuteronômio,19,2025-12-21T01:12:00.476704,2025-12-21T01:12:00.476704
11,87,Deuteronômio,20,2025-12-21T01:12:00.476704,2025-12-21T01:12:00.476704
11,87,Deuteronômio,21,2025-12-21T01:12:00.476704,2025-12-21T01:12:00.476704
11,88,Deuteronômio,22,2025-12-21T01:12:00.476704,2025-12-21T01:12:00.476704
11,88,Deuteronômio,23,2025-12-21T01:12:00.476704,2025-12-21T01:12:00.476704
11,89,Deuteronômio,24,2025-12-21T01:12:00.476704,2025-12-21T01:12:00.476704
11,89,Deuteronômio,25,2025-12-21T01:12:00.476704,2025-12-21T01:12:00.476704
11,90,Deuteronômio,26,2025-12-21T01:12:00.476704,2025-12-21T01:12:00.476704
11,90,Deuteronômio,27,2025-12-21T01:12:00.476704,2025-12-21T01:12:00.476704
12,1,Isaías,1,2025-12-21T01:12:00.476704,2025-12-21T01:12:00.476704
12,1,Isaías,2,2025-12-21T01:12:00.476704,2025-12-21T01:12:00.476704
12,1,Isaías,3,2025-12-21T01:12:00.476704,2025-12-21T01:12:00.476704
12,1,Isaías,4,2025-12-21T01:12:00.476704,2025-12-21T01:12:00.476704
12,2,Isaías,5,2025-12-21T01:12:00.476704,2025-12-21T01:12:00.476704
12,2,Isaías,6,2025-12-21T01:12:00.476704,2025-12-21T01:12:00.476704
12,2,Isaías,7,2025-12-21T01:12:00.476704,2025-12-21T01:12:00.476704
12,2,Isaías,8,2025-12-21T01:12:00.476704,2025-12-21T01:12:00.476704
12,3,Isaías,9,2025-12-21T01:12:00.476704,2025-12-21T01:12:00.476704
12,3,Isaías,10,2025-12-21T01:12:00.476704,2025-12-21T01:12:00.476704
12,3,Isaías,11,2025-12-21T01:12:00.476704,2025-12-21T01:12:00.476704
12,3,Isaías,12,2025-12-21T01:12:00.476704,2025-12-21T01:12:00.476704
12,4,Isaías,13,2025-12-21T01:12:00.476704,2025-12-21T01:12:00.476704
12,4,Isaías,14,2025-12-21T01:12:00.476704,2025-12-21T01:12:00.476704
12,4,Isaías,15,2025-12-21T01:12:00.476704,2025-12-21T01:12:00.476704
12,4,Isaías,16,2025-12-21T01:12:00.476704,2025-12-21T01:12:00.476704
12,5,Isaías,17,2025-12-21T01:12:00.476704,2025-12-21T01:12:00.476704
12,5,Isaías,18,2025-12-21T01:12:00.476704,2025-12-21T01:12:00.476704
12,5,Isaías,19,2025-12-21T01:12:00.476704,2025-12-21T01:12:00.476704
12,5,Isaías,20,2025-12-21T01:12:00.476704,2025-12-21T01:12:00.476704
12,6,Isaías,21,2025-12-21T01:12:00.476704,2025-12-21T01:12:00.476704
12,6,Isaías,22,2025-12-21T01:12:00.476704,2025-12-21T01:12:00.476704
12,6,Isaías,23,2025-12-21T01:12:00.476704,2025-12-21T01:12:00.476704
12,6,Isaías,24,2025-12-21T01:12:00.476704,2025-12-21T01:12:00.476704
12,7,Isaías,25,2025-12-21T01:12:00.476704,2025-12-21T01:12:00.476704
12,7,Isaías,26,2025-12-21T01:12:00.476704,2025-12-21T01:12:00.476704
12,7,Isaías,27,2025-12-21T01:12:00.476704,2025-12-21T01:12:00.476704
12,7,Isaías,28,2025-12-21T01:12:00.476704,2025-12-21T01:12:00.476704
12,8,Isaías,29,2025-12-21T01:12:00.476704,2025-12-21T01:12:00.476704
12,8,Isaías,30,2025-12-21T01:12:00.476704,2025-12-21T01:12:00.476704
12,8,Isaías,31,2025-12-21T01:12:00.476704,2025-12-21T01:12:00.476704
12,8,Isaías,32,2025-12-21T01:12:00.476704,2025-12-21T01:12:00.476704
12,9,Isaías,33,2025-12-21T01:12:00.476704,2025-12-21T01:12:00.476704
12,9,Isaías,34,2025-12-21T01:12:00.476704,2025-12-21T01:12:00.476704
12,9,Isaías,35,2025-12-21T01:12:00.476704,2025-12-21T01:12:00.476704
12,9,Isaías,36,2025-12-21T01:12:00.476704,2025-12-21T01:12:00.476704
12,10,Isaías,37,2025-12-21T01:12:00.476704,2025-12-21T01:12:00.476704
12,10,Isaías,38,2025-12-21T01:12:00.476704,2025-12-21T01:12:00.476704
12,10,Isaías,39,2025-12-21T01:12:00.476704,2025-12-21T01:12:00.476704
12,10,Isaías,40,2025-12-21T01:12:00.476704,2025-12-21T01:12:00.476704
12,11,Isaías,41,2025-12-21T01:12:00.476704,2025-12-21T01:12:00.476704
12,11,Isaías,42,2025-12-21T01:12:00.476704,2025-12-21T01:12:00.476704
12,11,Isaías,43,2025-12-21T01:12:00.476704,2025-12-21T01:12:00.476704
12,11,Isaías,44,2025-12-21T01:12:00.476704,2025-12-21T01:12:00.476704
12,12,Isaías,45,2025-12-21T01:12:00.476704,2025-12-21T01:12:00.476704
12,12,Isaías,46,2025-12-21T01:12:00.476704,2025-12-21T01:12:00.476704
12,12,Isaías,47,2025-12-21T01:12:00.476704,2025-12-21T01:12:00.476704
12,12,Isaías,48,2025-12-21T01:12:00.476704,2025-12-21T01:12:00.476704
12,13,Isaías,49,2025-12-21T01:12:00.476704,2025-12-21T01:12:00.476704
12,13,Isaías,50,2025-12-21T01:12:00.476704,2025-12-21T01:12:00.476704
12,13,Isaías,51,2025-12-21T01:12:00.476704,2025-12-21T01:12:00.476704
12,13,Isaías,52,2025-12-21T01:12:00.476704,2025-12-21T01:12:00.476704
12,14,Isaías,53,2025-12-21T01:12:00.476704,2025-12-21T01:12:00.476704
12,14,Isaías,54,2025-12-21T01:12:00.476704,2025-12-21T01:12:00.476704
12,14,Isaías,55,2025-12-21T01:12:00.476704,2025-12-21T01:12:00.476704
12,14,Isaías,56,2025-12-21T01:12:00.476704,2025-12-21T01:12:00.476704
12,15,Isaías,57,2025-12-21T01:12:00.476704,2025-12-21T01:12:00.476704
12,15,Isaías,58,2025-12-21T01:12:00.476704,2025-12-21T01:12:00.476704
12,15,Isaías,59,2025-12-21T01:12:00.476704,2025-12-21T01:12:00.476704
12,15,Isaías,60,2025-12-21T01:12:00.476704,2025-12-21T01:12:00.476704
12,16,Isaías,61,2025-12-21T01:12:00.476704,2025-12-21T01:12:00.476704
12,16,Isaías,62,2025-12-21T01:12:00.476704,2025-12-21T01:12:00.476704
12,16,Isaías,63,2025-12-21T01:12:00.476704,2025-12-21T01:12:00.476704
12,16,Isaías,64,2025-12-21T01:12:00.476704,2025-12-21T01:12:00.476704
12,17,Isaías,65,2025-12-21T01:12:00.476704,2025-12-21T01:12:00.476704
12,17,Isaías,66,2025-12-21T01:12:00.476704,2025-12-21T01:12:00.476704
12,18,Jeremias,1,2025-12-21T01:12:00.476704,2025-12-21T01:12:00.476704
12,18,Jeremias,2,2025-12-21T01:12:00.476704,2025-12-21T01:12:00.476704
12,18,Jeremias,3,2025-12-21T01:12:00.476704,2025-12-21T01:12:00.476704
12,18,Jeremias,4,2025-12-21T01:12:00.476704,2025-12-21T01:12:00.476704
12,19,Jeremias,5,2025-12-21T01:12:00.476704,2025-12-21T01:12:00.476704
12,19,Jeremias,6,2025-12-21T01:12:00.476704,2025-12-21T01:12:00.476704
12,19,Jeremias,7,2025-12-21T01:12:00.476704,2025-12-21T01:12:00.476704
12,19,Jeremias,8,2025-12-21T01:12:00.476704,2025-12-21T01:12:00.476704
12,20,Jeremias,9,2025-12-21T01:12:00.476704,2025-12-21T01:12:00.476704
12,20,Jeremias,10,2025-12-21T01:12:00.476704,2025-12-21T01:12:00.476704
12,20,Jeremias,11,2025-12-21T01:12:00.476704,2025-12-21T01:12:00.476704
12,20,Jeremias,12,2025-12-21T01:12:00.476704,2025-12-21T01:12:00.476704
12,21,Jeremias,13,2025-12-21T01:12:00.476704,2025-12-21T01:12:00.476704
12,21,Jeremias,14,2025-12-21T01:12:00.476704,2025-12-21T01:12:00.476704
12,21,Jeremias,15,2025-12-21T01:12:00.476704,2025-12-21T01:12:00.476704
12,21,Jeremias,16,2025-12-21T01:12:00.476704,2025-12-21T01:12:00.476704
12,22,Jeremias,17,2025-12-21T01:12:00.476704,2025-12-21T01:12:00.476704
12,22,Jeremias,18,2025-12-21T01:12:00.476704,2025-12-21T01:12:00.476704
12,22,Jeremias,19,2025-12-21T01:12:00.476704,2025-12-21T01:12:00.476704
12,22,Jeremias,20,2025-12-21T01:12:00.476704,2025-12-21T01:12:00.476704
12,23,Jeremias,21,2025-12-21T01:12:00.476704,2025-12-21T01:12:00.476704
12,23,Jeremias,22,2025-12-21T01:12:00.476704,2025-12-21T01:12:00.476704
12,23,Jeremias,23,2025-12-21T01:12:00.476704,2025-12-21T01:12:00.476704
12,23,Jeremias,24,2025-12-21T01:12:00.476704,2025-12-21T01:12:00.476704
12,24,Jeremias,25,2025-12-21T01:12:00.476704,2025-12-21T01:12:00.476704
12,24,Jeremias,26,2025-12-21T01:12:00.476704,2025-12-21T01:12:00.476704
12,24,Jeremias,27,2025-12-21T01:12:00.476704,2025-12-21T01:12:00.476704
12,24,Jeremias,28,2025-12-21T01:12:00.476704,2025-12-21T01:12:00.476704
12,25,Jeremias,29,2025-12-21T01:12:00.476704,2025-12-21T01:12:00.476704
12,25,Jeremias,30,2025-12-21T01:12:00.476704,2025-12-21T01:12:00.476704
12,25,Jeremias,31,2025-12-21T01:12:00.476704,2025-12-21T01:12:00.476704
12,25,Jeremias,32,2025-12-21T01:12:00.476704,2025-12-21T01:12:00.476704
12,26,Jeremias,33,2025-12-21T01:12:00.476704,2025-12-21T01:12:00.476704
12,26,Jeremias,34,2025-12-21T01:12:00.476704,2025-12-21T01:12:00.476704
12,26,Jeremias,35,2025-12-21T01:12:00.476704,2025-12-21T01:12:00.476704
12,26,Jeremias,36,2025-12-21T01:12:00.476704,2025-12-21T01:12:00.476704
12,27,Jeremias,37,2025-12-21T01:12:00.476704,2025-12-21T01:12:00.476704
12,27,Jeremias,38,2025-12-21T01:12:00.476704,2025-12-21T01:12:00.476704
12,27,Jeremias,39,2025-12-21T01:12:00.476704,2025-12-21T01:12:00.476704
12,27,Jeremias,40,2025-12-21T01:12:00.476704,2025-12-21T01:12:00.476704
12,28,Jeremias,41,2025-12-21T01:12:00.476704,2025-12-21T01:12:00.476704
12,28,Jeremias,42,2025-12-21T01:12:00.476704,2025-12-21T01:12:00.476704
12,28,Jeremias,43,2025-12-21T01:12:00.476704,2025-12-21T01:12:00.476704
12,28,Jeremias,44,2025-12-21T01:12:00.476704,2025-12-21T01:12:00.476704
12,29,Jeremias,45,2025-12-21T01:12:00.476704,2025-12-21T01:12:00.476704
12,29,Jeremias,46,2025-12-21T01:12:00.476704,2025-12-21T01:12:00.476704
12,29,Jeremias,47,2025-12-21T01:12:00.476704,2025-12-21T01:12:00.476704
12,29,Jeremias,48,2025-12-21T01:12:00.476704,2025-12-21T01:12:00.476704
12,30,Jeremias,49,2025-12-21T01:12:00.476704,2025-12-21T01:12:00.476704
12,30,Jeremias,50,2025-12-21T01:12:00.476704,2025-12-21T01:12:00.476704
12,30,Jeremias,51,2025-12-21T01:12:00.476704,2025-12-21T01:12:00.476704
12,30,Jeremias,52,2025-12-21T01:12:00.476704,2025-12-21T01:12:00.476704
12,31,Lamentações,1,2025-12-21T01:12:00.476704,2025-12-21T01:12:00.476704
12,31,Lamentações,2,2025-12-21T01:12:00.476704,2025-12-21T01:12:00.476704
12,31,Lamentações,3,2025-12-21T01:12:00.476704,2025-12-21T01:12:00.476704
12,31,Lamentações,4,2025-12-21T01:12:00.476704,2025-12-21T01:12:00.476704
12,31,Lamentações,5,2025-12-21T01:12:00.476704,2025-12-21T01:12:00.476704
12,32,Ezequiel,1,2025-12-21T01:12:00.476704,2025-12-21T01:12:00.476704
12,32,Ezequiel,2,2025-12-21T01:12:00.476704,2025-12-21T01:12:00.476704
12,32,Ezequiel,3,2025-12-21T01:12:00.476704,2025-12-21T01:12:00.476704
12,32,Ezequiel,4,2025-12-21T01:12:00.476704,2025-12-21T01:12:00.476704
12,33,Ezequiel,5,2025-12-21T01:12:00.476704,2025-12-21T01:12:00.476704
12,33,Ezequiel,6,2025-12-21T01:12:00.476704,2025-12-21T01:12:00.476704
12,33,Ezequiel,7,2025-12-21T01:12:00.476704,2025-12-21T01:12:00.476704
12,33,Ezequiel,8,2025-12-21T01:12:00.476704,2025-12-21T01:12:00.476704
12,34,Ezequiel,9,2025-12-21T01:12:00.476704,2025-12-21T01:12:00.476704
12,34,Ezequiel,10,2025-12-21T01:12:00.476704,2025-12-21T01:12:00.476704
12,34,Ezequiel,11,2025-12-21T01:12:00.476704,2025-12-21T01:12:00.476704
12,34,Ezequiel,12,2025-12-21T01:12:00.476704,2025-12-21T01:12:00.476704
12,35,Ezequiel,13,2025-12-21T01:12:00.476704,2025-12-21T01:12:00.476704
12,35,Ezequiel,14,2025-12-21T01:12:00.476704,2025-12-21T01:12:00.476704
12,35,Ezequiel,15,2025-12-21T01:12:00.476704,2025-12-21T01:12:00.476704
12,35,Ezequiel,16,2025-12-21T01:12:00.476704,2025-12-21T01:12:00.476704
12,36,Ezequiel,17,2025-12-21T01:12:00.476704,2025-12-21T01:12:00.476704
12,36,Ezequiel,18,2025-12-21T01:12:00.476704,2025-12-21T01:12:00.476704
12,36,Ezequiel,19,2025-12-21T01:12:00.476704,2025-12-21T01:12:00.476704
12,36,Ezequiel,20,2025-12-21T01:12:00.476704,2025-12-21T01:12:00.476704
12,37,Ezequiel,21,2025-12-21T01:12:00.476704,2025-12-21T01:12:00.476704
12,37,Ezequiel,22,2025-12-21T01:12:00.476704,2025-12-21T01:12:00.476704
12,37,Ezequiel,23,2025-12-21T01:12:00.476704,2025-12-21T01:12:00.476704
12,37,Ezequiel,24,2025-12-21T01:12:00.476704,2025-12-21T01:12:00.476704
12,38,Ezequiel,25,2025-12-21T01:12:00.476704,2025-12-21T01:12:00.476704
12,38,Ezequiel,26,2025-12-21T01:12:00.476704,2025-12-21T01:12:00.476704
12,38,Ezequiel,27,2025-12-21T01:12:00.476704,2025-12-21T01:12:00.476704
12,38,Ezequiel,28,2025-12-21T01:12:00.476704,2025-12-21T01:12:00.476704
12,39,Ezequiel,29,2025-12-21T01:12:00.476704,2025-12-21T01:12:00.476704
12,39,Ezequiel,30,2025-12-21T01:12:00.476704,2025-12-21T01:12:00.476704
12,39,Ezequiel,31,2025-12-21T01:12:00.476704,2025-12-21T01:12:00.476704
12,39,Ezequiel,32,2025-12-21T01:12:00.476704,2025-12-21T01:12:00.476704
12,40,Ezequiel,33,2025-12-21T01:12:00.476704,2025-12-21T01:12:00.476704
12,40,Ezequiel,34,2025-12-21T01:12:00.476704,2025-12-21T01:12:00.476704
12,40,Ezequiel,35,2025-12-21T01:12:00.476704,2025-12-21T01:12:00.476704
12,40,Ezequiel,36,2025-12-21T01:12:00.476704,2025-12-21T01:12:00.476704
12,41,Ezequiel,37,2025-12-21T01:12:00.476704,2025-12-21T01:12:00.476704
12,41,Ezequiel,38,2025-12-21T01:12:00.476704,2025-12-21T01:12:00.476704
12,41,Ezequiel,39,2025-12-21T01:12:00.476704,2025-12-21T01:12:00.476704
12,41,Ezequiel,40,2025-12-21T01:12:00.476704,2025-12-21T01:12:00.476704
12,42,Ezequiel,41,2025-12-21T01:12:00.476704,2025-12-21T01:12:00.476704
12,42,Ezequiel,42,2025-12-21T01:12:00.476704,2025-12-21T01:12:00.476704
12,42,Ezequiel,43,2025-12-21T01:12:00.476704,2025-12-21T01:12:00.476704
12,42,Ezequiel,44,2025-12-21T01:12:00.476704,2025-12-21T01:12:00.476704
12,43,Ezequiel,45,2025-12-21T01:12:00.476704,2025-12-21T01:12:00.476704
12,43,Ezequiel,46,2025-12-21T01:12:00.476704,2025-12-21T01:12:00.476704
12,43,Ezequiel,47,2025-12-21T01:12:00.476704,2025-12-21T01:12:00.476704
12,43,Ezequiel,48,2025-12-21T01:12:00.476704,2025-12-21T01:12:00.476704
12,44,Daniel,1,2025-12-21T01:12:00.476704,2025-12-21T01:12:00.476704
12,44,Daniel,2,2025-12-21T01:12:00.476704,2025-12-21T01:12:00.476704
12,44,Daniel,3,2025-12-21T01:12:00.476704,2025-12-21T01:12:00.476704
12,44,Daniel,4,2025-12-21T01:12:00.476704,2025-12-21T01:12:00.476704
12,44,Daniel,5,2025-12-21T01:12:00.476704,2025-12-21T01:12:00.476704
12,44,Daniel,6,2025-12-21T01:12:00.476704,2025-12-21T01:12:00.476704
12,45,Daniel,7,2025-12-21T01:12:00.476704,2025-12-21T01:12:00.476704
12,45,Daniel,8,2025-12-21T01:12:00.476704,2025-12-21T01:12:00.476704
12,45,Daniel,9,2025-12-21T01:12:00.476704,2025-12-21T01:12:00.476704
12,45,Daniel,10,2025-12-21T01:12:00.476704,2025-12-21T01:12:00.476704
12,45,Daniel,11,2025-12-21T01:12:00.476704,2025-12-21T01:12:00.476704
12,45,Daniel,12,2025-12-21T01:12:00.476704,2025-12-21T01:12:00.476704
13,1,Oseias,1,2025-12-21T01:12:00.476704,2025-12-21T01:12:00.476704
13,1,Oseias,2,2025-12-21T01:12:00.476704,2025-12-21T01:12:00.476704
13,1,Oseias,3,2025-12-21T01:12:00.476704,2025-12-21T01:12:00.476704
13,2,Oseias,4,2025-12-21T01:12:00.476704,2025-12-21T01:12:00.476704
13,2,Oseias,5,2025-12-21T01:12:00.476704,2025-12-21T01:12:00.476704
13,2,Oseias,6,2025-12-21T01:12:00.476704,2025-12-21T01:12:00.476704
13,3,Oseias,7,2025-12-21T01:12:00.476704,2025-12-21T01:12:00.476704
13,3,Oseias,8,2025-12-21T01:12:00.476704,2025-12-21T01:12:00.476704
13,3,Oseias,9,2025-12-21T01:12:00.476704,2025-12-21T01:12:00.476704
13,4,Oseias,10,2025-12-21T01:12:00.476704,2025-12-21T01:12:00.476704
13,4,Oseias,11,2025-12-21T01:12:00.476704,2025-12-21T01:12:00.476704
13,4,Oseias,12,2025-12-21T01:12:00.476704,2025-12-21T01:12:00.476704
13,5,Oseias,13,2025-12-21T01:12:00.476704,2025-12-21T01:12:00.476704
13,5,Oseias,14,2025-12-21T01:12:00.476704,2025-12-21T01:12:00.476704
13,5,Joel,1,2025-12-21T01:12:00.476704,2025-12-21T01:12:00.476704
13,6,Joel,2,2025-12-21T01:12:00.476704,2025-12-21T01:12:00.476704
13,6,Joel,3,2025-12-21T01:12:00.476704,2025-12-21T01:12:00.476704
13,6,Amós,1,2025-12-21T01:12:00.476704,2025-12-21T01:12:00.476704
13,7,Amós,2,2025-12-21T01:12:00.476704,2025-12-21T01:12:00.476704
13,7,Amós,3,2025-12-21T01:12:00.476704,2025-12-21T01:12:00.476704
13,7,Amós,4,2025-12-21T01:12:00.476704,2025-12-21T01:12:00.476704
13,8,Amós,5,2025-12-21T01:12:00.476704,2025-12-21T01:12:00.476704
13,8,Amós,6,2025-12-21T01:12:00.476704,2025-12-21T01:12:00.476704
13,8,Amós,7,2025-12-21T01:12:00.476704,2025-12-21T01:12:00.476704
13,9,Amós,8,2025-12-21T01:12:00.476704,2025-12-21T01:12:00.476704
13,9,Amós,9,2025-12-21T01:12:00.476704,2025-12-21T01:12:00.476704
13,9,Obadias,1,2025-12-21T01:12:00.476704,2025-12-21T01:12:00.476704
13,10,Jonas,1,2025-12-21T01:12:00.476704,2025-12-21T01:12:00.476704
13,10,Jonas,2,2025-12-21T01:12:00.476704,2025-12-21T01:12:00.476704
13,10,Jonas,3,2025-12-21T01:12:00.476704,2025-12-21T01:12:00.476704
13,11,Jonas,4,2025-12-21T01:12:00.476704,2025-12-21T01:12:00.476704
13,11,Miquéias,1,2025-12-21T01:12:00.476704,2025-12-21T01:12:00.476704
13,11,Miquéias,2,2025-12-21T01:12:00.476704,2025-12-21T01:12:00.476704
13,12,Miquéias,3,2025-12-21T01:12:00.476704,2025-12-21T01:12:00.476704
13,12,Miquéias,4,2025-12-21T01:12:00.476704,2025-12-21T01:12:00.476704
13,12,Miquéias,5,2025-12-21T01:12:00.476704,2025-12-21T01:12:00.476704
13,13,Miquéias,6,2025-12-21T01:12:00.476704,2025-12-21T01:12:00.476704
13,13,Miquéias,7,2025-12-21T01:12:00.476704,2025-12-21T01:12:00.476704
13,13,Naum,1,2025-12-21T01:12:00.476704,2025-12-21T01:12:00.476704
13,14,Naum,2,2025-12-21T01:12:00.476704,2025-12-21T01:12:00.476704
13,14,Naum,3,2025-12-21T01:12:00.476704,2025-12-21T01:12:00.476704
13,14,Habacuque,1,2025-12-21T01:12:00.476704,2025-12-21T01:12:00.476704
13,15,Habacuque,2,2025-12-21T01:12:00.476704,2025-12-21T01:12:00.476704
13,15,Habacuque,3,2025-12-21T01:12:00.476704,2025-12-21T01:12:00.476704
13,15,Sofonias,1,2025-12-21T01:12:00.476704,2025-12-21T01:12:00.476704
13,16,Sofonias,2,2025-12-21T01:12:00.476704,2025-12-21T01:12:00.476704
13,16,Sofonias,3,2025-12-21T01:12:00.476704,2025-12-21T01:12:00.476704
13,16,Ageu,1,2025-12-21T01:12:00.476704,2025-12-21T01:12:00.476704
13,17,Ageu,2,2025-12-21T01:12:00.476704,2025-12-21T01:12:00.476704
13,17,Zacarias,1,2025-12-21T01:12:00.476704,2025-12-21T01:12:00.476704
13,17,Zacarias,2,2025-12-21T01:12:00.476704,2025-12-21T01:12:00.476704
13,18,Zacarias,3,2025-12-21T01:12:00.476704,2025-12-21T01:12:00.476704
13,18,Zacarias,4,2025-12-21T01:12:00.476704,2025-12-21T01:12:00.476704
13,18,Zacarias,5,2025-12-21T01:12:00.476704,2025-12-21T01:12:00.476704
13,19,Zacarias,6,2025-12-21T01:12:00.476704,2025-12-21T01:12:00.476704
13,19,Zacarias,7,2025-12-21T01:12:00.476704,2025-12-21T01:12:00.476704
13,19,Zacarias,8,2025-12-21T01:12:00.476704,2025-12-21T01:12:00.476704
13,20,Zacarias,9,2025-12-21T01:12:00.476704,2025-12-21T01:12:00.476704
13,20,Zacarias,10,2025-12-21T01:12:00.476704,2025-12-21T01:12:00.476704
13,20,Zacarias,11,2025-12-21T01:12:00.476704,2025-12-21T01:12:00.476704
13,21,Zacarias,12,2025-12-21T01:12:00.476704,2025-12-21T01:12:00.476704
13,21,Zacarias,13,2025-12-21T01:12:00.476704,2025-12-21T01:12:00.476704
13,21,Zacarias,14,2025-12-21T01:12:00.476704,2025-12-21T01:12:00.476704
13,22,Malaquias,1,2025-12-21T01:12:00.476704,2025-12-21T01:12:00.476704
13,22,Malaquias,2,2025-12-21T01:12:00.476704,2025-12-21T01:12:00.476704
13,22,Malaquias,3,2025-12-21T01:12:00.476704,2025-12-21T01:12:00.476704
13,23,Malaquias,4,2025-12-21T01:12:00.476704,2025-12-21T01:12:00.476704
7,1,Provérbios,1,2025-12-21T01:12:00.476704,2025-12-21T01:12:00.476704
7,2,Provérbios,2,2025-12-21T01:12:00.476704,2025-12-21T01:12:00.476704
7,3,Provérbios,3,2025-12-21T01:12:00.476704,2025-12-21T01:12:00.476704
7,4,Provérbios,4,2025-12-21T01:12:00.476704,2025-12-21T01:12:00.476704
7,5,Provérbios,5,2025-12-21T01:12:00.476704,2025-12-21T01:12:00.476704
7,6,Provérbios,6,2025-12-21T01:12:00.476704,2025-12-21T01:12:00.476704
7,7,Provérbios,7,2025-12-21T01:12:00.476704,2025-12-21T01:12:00.476704
7,8,Provérbios,8,2025-12-21T01:12:00.476704,2025-12-21T01:12:00.476704
7,9,Provérbios,9,2025-12-21T01:12:00.476704,2025-12-21T01:12:00.476704
7,10,Provérbios,10,2025-12-21T01:12:00.476704,2025-12-21T01:12:00.476704
7,11,Provérbios,11,2025-12-21T01:12:00.476704,2025-12-21T01:12:00.476704
7,12,Provérbios,12,2025-12-21T01:12:00.476704,2025-12-21T01:12:00.476704
7,13,Provérbios,13,2025-12-21T01:12:00.476704,2025-12-21T01:12:00.476704
7,14,Provérbios,14,2025-12-21T01:12:00.476704,2025-12-21T01:12:00.476704
7,15,Provérbios,15,2025-12-21T01:12:00.476704,2025-12-21T01:12:00.476704
7,16,Provérbios,16,2025-12-21T01:12:00.476704,2025-12-21T01:12:00.476704
7,17,Provérbios,17,2025-12-21T01:12:00.476704,2025-12-21T01:12:00.476704
7,18,Provérbios,18,2025-12-21T01:12:00.476704,2025-12-21T01:12:00.476704
7,19,Provérbios,19,2025-12-21T01:12:00.476704,2025-12-21T01:12:00.476704
7,20,Provérbios,20,2025-12-21T01:12:00.476704,2025-12-21T01:12:00.476704
7,21,Provérbios,21,2025-12-21T01:12:00.476704,2025-12-21T01:12:00.476704
7,22,Provérbios,22,2025-12-21T01:12:00.476704,2025-12-21T01:12:00.476704
7,23,Provérbios,23,2025-12-21T01:12:00.476704,2025-12-21T01:12:00.476704
7,24,Provérbios,24,2025-12-21T01:12:00.476704,2025-12-21T01:12:00.476704
7,25,Provérbios,25,2025-12-21T01:12:00.476704,2025-12-21T01:12:00.476704
7,26,Provérbios,26,2025-12-21T01:12:00.476704,2025-12-21T01:12:00.476704
7,27,Provérbios,27,2025-12-21T01:12:00.476704,2025-12-21T01:12:00.476704
7,28,Provérbios,28,2025-12-21T01:12:00.476704,2025-12-21T01:12:00.476704
7,29,Provérbios,29,2025-12-21T01:12:00.476704,2025-12-21T01:12:00.476704
7,30,Provérbios,30,2025-12-21T01:12:00.476704,2025-12-21T01:12:00.476704
7,31,Provérbios,31,2025-12-21T01:12:00.476704,2025-12-21T01:12:00.476704
17,1,Jó,1,2025-12-21T01:12:00.476704,2025-12-21T01:12:00.476704
17,1,Jó,2,2025-12-21T01:12:00.476704,2025-12-21T01:12:00.476704
17,2,Jó,3,2025-12-21T01:12:00.476704,2025-12-21T01:12:00.476704
17,2,Jó,4,2025-12-21T01:12:00.476704,2025-12-21T01:12:00.476704
17,3,Jó,5,2025-12-21T01:12:00.476704,2025-12-21T01:12:00.476704
17,3,Jó,6,2025-12-21T01:12:00.476704,2025-12-21T01:12:00.476704
17,4,Jó,7,2025-12-21T01:12:00.476704,2025-12-21T01:12:00.476704
17,4,Jó,8,2025-12-21T01:12:00.476704,2025-12-21T01:12:00.476704
17,5,Jó,9,2025-12-21T01:12:00.476704,2025-12-21T01:12:00.476704
17,5,Jó,10,2025-12-21T01:12:00.476704,2025-12-21T01:12:00.476704
17,6,Jó,11,2025-12-21T01:12:00.476704,2025-12-21T01:12:00.476704
17,6,Jó,12,2025-12-21T01:12:00.476704,2025-12-21T01:12:00.476704
17,7,Jó,13,2025-12-21T01:12:00.476704,2025-12-21T01:12:00.476704
17,7,Jó,14,2025-12-21T01:12:00.476704,2025-12-21T01:12:00.476704
17,8,Jó,15,2025-12-21T01:12:00.476704,2025-12-21T01:12:00.476704
17,8,Jó,16,2025-12-21T01:12:00.476704,2025-12-21T01:12:00.476704
17,9,Jó,17,2025-12-21T01:12:00.476704,2025-12-21T01:12:00.476704
17,9,Jó,18,2025-12-21T01:12:00.476704,2025-12-21T01:12:00.476704
17,10,Jó,19,2025-12-21T01:12:00.476704,2025-12-21T01:12:00.476704
17,10,Jó,20,2025-12-21T01:12:00.476704,2025-12-21T01:12:00.476704
17,11,Jó,21,2025-12-21T01:12:00.476704,2025-12-21T01:12:00.476704
17,11,Jó,22,2025-12-21T01:12:00.476704,2025-12-21T01:12:00.476704
17,12,Jó,23,2025-12-21T01:12:00.476704,2025-12-21T01:12:00.476704
17,12,Jó,24,2025-12-21T01:12:00.476704,2025-12-21T01:12:00.476704
17,13,Jó,25,2025-12-21T01:12:00.476704,2025-12-21T01:12:00.476704
17,13,Jó,26,2025-12-21T01:12:00.476704,2025-12-21T01:12:00.476704
17,13,Jó,27,2025-12-21T01:12:00.476704,2025-12-21T01:12:00.476704
17,14,Jó,28,2025-12-21T01:12:00.476704,2025-12-21T01:12:00.476704
17,14,Jó,29,2025-12-21T01:12:00.476704,2025-12-21T01:12:00.476704
17,15,Jó,30,2025-12-21T01:12:00.476704,2025-12-21T01:12:00.476704
17,15,Jó,31,2025-12-21T01:12:00.476704,2025-12-21T01:12:00.476704
17,16,Jó,32,2025-12-21T01:12:00.476704,2025-12-21T01:12:00.476704
17,16,Jó,33,2025-12-21T01:12:00.476704,2025-12-21T01:12:00.476704
17,17,Jó,34,2025-12-21T01:12:00.476704,2025-12-21T01:12:00.476704
17,17,Jó,35,2025-12-21T01:12:00.476704,2025-12-21T01:12:00.476704
17,18,Jó,36,2025-12-21T01:12:00.476704,2025-12-21T01:12:00.476704
17,18,Jó,37,2025-12-21T01:12:00.476704,2025-12-21T01:12:00.476704
17,18,Jó,38,2025-12-21T01:12:00.476704,2025-12-21T01:12:00.476704
17,18,Jó,39,2025-12-21T01:12:00.476704,2025-12-21T01:12:00.476704
17,18,Jó,40,2025-12-21T01:12:00.476704,2025-12-21T01:12:00.476704
17,18,Jó,41,2025-12-21T01:12:00.476704,2025-12-21T01:12:00.476704
17,18,Jó,42,2025-12-21T01:12:00.476704,2025-12-21T01:12:00.476704
17,19,Provérbios,1,2025-12-21T01:12:00.476704,2025-12-21T01:12:00.476704
17,19,Provérbios,2,2025-12-21T01:12:00.476704,2025-12-21T01:12:00.476704
17,20,Provérbios,3,2025-12-21T01:12:00.476704,2025-12-21T01:12:00.476704
17,20,Provérbios,4,2025-12-21T01:12:00.476704,2025-12-21T01:12:00.476704
17,21,Provérbios,5,2025-12-21T01:12:00.476704,2025-12-21T01:12:00.476704
17,21,Provérbios,6,2025-12-21T01:12:00.476704,2025-12-21T01:12:00.476704
17,22,Provérbios,7,2025-12-21T01:12:00.476704,2025-12-21T01:12:00.476704
17,22,Provérbios,8,2025-12-21T01:12:00.476704,2025-12-21T01:12:00.476704
17,23,Provérbios,9,2025-12-21T01:12:00.476704,2025-12-21T01:12:00.476704
17,23,Provérbios,10,2025-12-21T01:12:00.476704,2025-12-21T01:12:00.476704
17,24,Provérbios,11,2025-12-21T01:12:00.476704,2025-12-21T01:12:00.476704
17,24,Provérbios,12,2025-12-21T01:12:00.476704,2025-12-21T01:12:00.476704
17,25,Provérbios,13,2025-12-21T01:12:00.476704,2025-12-21T01:12:00.476704
17,25,Provérbios,14,2025-12-21T01:12:00.476704,2025-12-21T01:12:00.476704
17,26,Provérbios,15,2025-12-21T01:12:00.476704,2025-12-21T01:12:00.476704
17,26,Provérbios,16,2025-12-21T01:12:00.476704,2025-12-21T01:12:00.476704
17,27,Provérbios,17,2025-12-21T01:12:00.476704,2025-12-21T01:12:00.476704
17,27,Provérbios,18,2025-12-21T01:12:00.476704,2025-12-21T01:12:00.476704
17,28,Provérbios,19,2025-12-21T01:12:00.476704,2025-12-21T01:12:00.476704
17,28,Provérbios,20,2025-12-21T01:12:00.476704,2025-12-21T01:12:00.476704
17,29,Provérbios,21,2025-12-21T01:12:00.476704,2025-12-21T01:12:00.476704
17,29,Provérbios,22,2025-12-21T01:12:00.476704,2025-12-21T01:12:00.476704
17,30,Provérbios,23,2025-12-21T01:12:00.476704,2025-12-21T01:12:00.476704
17,30,Provérbios,24,2025-12-21T01:12:00.476704,2025-12-21T01:12:00.476704
17,31,Provérbios,25,2025-12-21T01:12:00.476704,2025-12-21T01:12:00.476704
17,31,Provérbios,26,2025-12-21T01:12:00.476704,2025-12-21T01:12:00.476704
17,32,Provérbios,27,2025-12-21T01:12:00.476704,2025-12-21T01:12:00.476704
17,32,Provérbios,28,2025-12-21T01:12:00.476704,2025-12-21T01:12:00.476704
17,33,Provérbios,29,2025-12-21T01:12:00.476704,2025-12-21T01:12:00.476704
17,33,Provérbios,30,2025-12-21T01:12:00.476704,2025-12-21T01:12:00.476704
17,33,Provérbios,31,2025-12-21T01:12:00.476704,2025-12-21T01:12:00.476704
17,34,Eclesiastes,1,2025-12-21T01:12:00.476704,2025-12-21T01:12:00.476704
17,35,Eclesiastes,2,2025-12-21T01:12:00.476704,2025-12-21T01:12:00.476704
17,36,Eclesiastes,3,2025-12-21T01:12:00.476704,2025-12-21T01:12:00.476704
17,37,Eclesiastes,4,2025-12-21T01:12:00.476704,2025-12-21T01:12:00.476704
17,38,Eclesiastes,5,2025-12-21T01:12:00.476704,2025-12-21T01:12:00.476704
17,39,Eclesiastes,6,2025-12-21T01:12:00.476704,2025-12-21T01:12:00.476704
17,40,Eclesiastes,7,2025-12-21T01:12:00.476704,2025-12-21T01:12:00.476704
17,41,Eclesiastes,8,2025-12-21T01:12:00.476704,2025-12-21T01:12:00.476704
17,42,Eclesiastes,9,2025-12-21T01:12:00.476704,2025-12-21T01:12:00.476704
17,43,Eclesiastes,10,2025-12-21T01:12:00.476704,2025-12-21T01:12:00.476704
17,44,Eclesiastes,11,2025-12-21T01:12:00.476704,2025-12-21T01:12:00.476704
17,45,Eclesiastes,12,2025-12-21T01:12:00.476704,2025-12-21T01:12:00.476704
